Table 13,,,,,,,,,,,,,
Hate Crime Incidents,,,,,,,,,,,,,
"per Bias Motivation and Quarter
",,,,,,,,,,,,,
"by State, Federal, and Agency, 2019",,,,,,,,,,,,,
State,Agency type,Agency name,Number of incidents per bias motivation,,,,,,Number of incidents per quarter,,,,Population1
,,,"Race/
Ethnicity/
Ancestry",Religion,"Sexual
orientation",Disability,Gender,"Gender
identity","1st
quarter","2nd
quarter","3rd
quarter","4th
quarter",
Alaska,Total,,7,0,4,0,0,0,,,,,
,Cities,,7,0,4,0,0,0,,,,,
,,Anchorage,4,0,2,0,0,0,1,2,3,0,"287,731"
,,Fairbanks,1,0,0,0,0,0,0,1,0,0,"31,493"
,,Kotzebue,1,0,0,0,0,0,0,0,1,0,"3,272"
,,North Pole,1,0,0,0,0,0,0,1,0,,"2,111"
,,Soldotna,0,0,2,0,0,0,0,0,0,2,"4,756"
Arizona,Total,,143,36,30,3,2,3,,,,,
,Cities,,143,32,30,3,2,3,,,,,
,,Apache Junction,2,1,1,1,0,0,1,3,0,1,"42,531"
,,Casa Grande,1,0,0,0,0,0,0,0,1,0,"58,366"
,,Coolidge,4,0,0,0,0,0,2,2,0,0,"13,138"
,,Flagstaff,0,1,0,0,0,0,1,0,0,0,"75,013"
,,Gilbert,0,2,0,0,0,0,1,0,1,0,"253,619"
,,Glendale,9,0,0,0,0,0,2,2,4,1,"253,951"
,,Mesa,2,0,1,0,0,0,0,0,1,2,"518,160"
,,Page,1,0,0,0,0,0,0,1,,,"7,588"
,,Phoenix2,111,20,23,0,2,3,31,43,33,44,"1,688,722"
,,San Luis,1,0,0,0,0,0,0,0,0,1,"34,192"
,,Scottsdale,1,1,1,0,0,0,1,2,0,0,"260,464"
,,Somerton,1,0,0,0,0,0,0,0,0,1,"16,771"
,,Surprise,2,1,0,0,0,0,0,2,0,1,"140,962"
,,Tempe,1,0,0,0,0,0,0,1,0,0,"196,499"
,,Tucson,6,6,4,0,0,0,4,5,5,2,"548,374"
,,Yuma,1,0,0,2,0,0,1,0,0,2,"98,769"
,Universities and Colleges,,0,4,0,0,0,0,,,,,
,,University of Arizona,0,4,0,0,0,0,1,0,1,2,"48,318"
Arkansas,Total,,8,0,1,0,0,0,,,,,
,Cities,,7,0,0,0,0,0,,,,,
,,Benton,1,0,0,0,0,0,0,0,0,1,"37,161"
,,Conway,1,0,0,0,0,0,0,0,1,0,"67,336"
,,Fort Smith,4,0,0,0,0,0,0,0,2,2,"88,041"
,,Searcy,1,0,0,0,0,0,0,0,0,1,"23,873"
,Nonmetropolitan Counties,,1,0,1,0,0,0,,,,,
,,Logan,1,0,0,0,0,0,0,0,0,1,
,,Pope,0,0,1,0,0,0,0,1,0,0,
California,Total,,524,208,235,10,7,33,,,,,
,Cities Total,,447,193,212,8,5,30,,,,,
,,Alameda,2,0,0,0,0,0,0,1,0,1,"78,907"
,,Antioch,2,1,1,0,0,0,0,2,1,1,"112,641"
,,Apple Valley,0,0,2,0,0,0,0,2,0,0,"74,051"
,,Arvin,0,1,0,0,0,0,0,1,0,0,"21,811"
,,Azusa,2,0,1,0,0,0,0,2,1,0,"50,405"
,,Bakersfield,1,0,1,1,0,0,1,0,1,1,"388,080"
,,Beaumont,1,0,0,0,0,0,0,0,1,0,"50,990"
,,Bell,0,0,1,0,1,0,1,1,,0,"35,759"
,,Bellflower,1,0,0,0,0,0,0,1,0,0,"77,196"
,,Bell Gardens,0,0,1,0,0,0,0,1,0,0,"42,366"
,,Belmont,0,0,1,0,0,1,0,0,0,2,"27,272"
,,Berkeley,4,2,2,0,0,0,0,2,0,6,"122,788"
,,Beverly Hills,1,6,2,0,0,0,2,2,2,3,"34,211"
,,Big Bear,1,0,0,0,0,0,0,1,0,0,"5,311"
,,Brea,0,1,4,0,0,0,0,4,0,1,"44,155"
,,Brentwood,0,4,0,0,0,0,1,0,2,1,"65,483"
,,Brisbane,1,0,0,0,0,0,1,0,0,0,"4,746"
,,Buena Park,1,0,0,0,0,0,0,1,0,0,"82,627"
,,Burbank,7,0,0,0,0,0,2,4,1,0,"103,738"
,,Camarillo,1,0,0,0,0,0,0,1,0,0,"69,628"
,,Capitola,0,1,0,0,0,0,0,1,0,0,"10,101"
,,Carlsbad,5,0,0,0,0,0,0,2,0,3,"117,220"
,,Cathedral City,1,0,0,0,0,0,0,0,0,1,"55,346"
,,Central Marin,0,1,0,0,0,0,0,0,1,0,"34,793"
,,Chico,2,0,0,0,0,0,0,2,0,0,"95,826"
,,Chino,2,1,0,0,0,0,0,0,1,2,"93,348"
,,Chula Vista,6,2,0,0,1,0,4,1,2,2,"275,230"
,,Citrus Heights,1,0,1,0,0,0,0,1,0,1,"88,496"
,,Claremont,1,0,1,0,0,0,0,0,1,1,"36,681"
,,Clearlake,2,1,0,0,0,0,2,0,1,0,"15,400"
,,Clovis,1,0,0,0,0,0,0,0,0,1,"114,170"
,,Coachella,0,0,1,0,0,0,0,1,0,0,"46,485"
,,Compton,1,0,0,0,0,0,1,0,0,0,"96,638"
,,Concord,2,0,0,0,0,0,1,0,1,0,"130,615"
,,Coronado,0,0,1,0,0,1,0,0,2,0,"21,115"
,,Costa Mesa,3,0,0,0,0,0,1,0,2,0,"114,047"
,,Cupertino,1,0,0,0,0,0,0,0,0,1,"60,357"
,,Cypress,1,0,0,0,0,0,0,0,0,1,"49,085"
,,Davis,0,1,0,0,0,0,0,1,0,0,"69,767"
,,Delano,2,0,0,0,0,0,1,0,1,0,"53,002"
,,Dublin,1,0,0,0,0,0,0,0,1,0,"66,072"
,,El Cajon,1,0,0,0,0,0,0,1,0,0,"103,686"
,,El Cerrito,1,0,0,0,0,0,0,0,0,1,"25,857"
,,Elk Grove,0,1,0,0,0,0,0,0,0,1,"175,492"
,,El Monte,3,0,0,0,0,0,2,1,0,0,"115,830"
,,El Segundo,1,0,0,0,0,0,0,0,0,1,"16,727"
,,Emeryville,1,0,0,0,0,0,0,1,0,0,"12,380"
,,Escondido,3,1,0,0,0,0,2,0,0,2,"153,215"
,,Eureka,1,0,1,0,0,0,1,1,0,0,"26,973"
,,Fairfield,1,0,1,0,0,0,2,0,0,0,"118,383"
,,Folsom,0,0,1,0,0,0,0,0,0,1,"79,927"
,,Fontana,1,0,0,0,0,0,0,0,1,0,"215,883"
,,Fountain Valley,1,0,0,0,0,0,0,1,0,0,"55,858"
,,Fremont,2,2,0,0,0,0,0,1,1,2,"240,887"
,,Fresno,8,2,2,0,0,2,10,2,2,,"534,285"
,,Fullerton,1,0,1,0,0,0,1,0,1,0,"140,194"
,,Galt,0,0,1,0,0,0,1,0,0,0,"26,796"
,,Garden Grove,1,0,1,0,0,1,0,2,0,1,"172,832"
,,Greenfield,1,0,0,0,0,0,,0,1,0,"17,809"
,,Hawthorne,2,0,2,0,1,1,0,2,2,2,"87,305"
,,Hayward,4,0,0,0,0,0,1,1,1,1,"161,588"
,,Huntington Beach,4,3,1,0,0,0,1,1,2,4,"201,843"
,,Huntington Park,1,0,1,0,0,0,1,1,0,0,"58,181"
,,Imperial,0,1,0,0,0,0,0,0,,1,"18,090"
,,Imperial Beach,2,2,0,0,0,0,1,0,1,2,"27,583"
,,Irvine,4,1,2,0,0,0,0,2,4,1,"292,673"
,,Laguna Woods,0,1,0,0,0,0,0,0,0,1,"16,043"
,,Lake Forest,0,1,0,0,0,0,0,0,1,0,"86,691"
,,Lancaster,7,1,1,0,0,0,1,2,5,1,"159,335"
,,Lemon Grove,1,0,0,0,0,0,1,0,0,0,"27,175"
,,Livermore,1,0,1,0,0,0,1,0,1,0,"91,418"
,,Long Beach,18,1,4,0,0,0,6,4,7,6,"467,974"
,,Los Angeles2,118,81,70,2,0,14,58,77,85,64,"4,015,546"
,,Malibu,1,0,0,0,0,0,0,0,1,0,"12,794"
,,Marina,1,0,0,0,0,0,0,0,0,1,"22,911"
,,Martinez,0,1,1,0,0,0,0,1,1,0,"38,692"
,,Marysville,0,1,0,0,0,0,1,0,,0,"12,572"
,,Mission Viejo,0,2,0,0,0,0,1,0,1,0,"95,453"
,,Modesto,3,0,0,0,0,0,1,2,0,0,"216,542"
,,Montebello,0,1,0,0,0,0,0,1,0,0,"62,650"
,,Monterey,0,0,1,0,0,0,0,0,0,1,"28,337"
,,Monterey Park,1,0,0,0,0,0,0,0,1,0,"60,424"
,,Moreno Valley,1,0,0,0,0,0,1,0,0,0,"210,979"
,,National City,1,0,0,0,0,0,0,0,0,1,"61,791"
,,Novato,2,0,0,0,0,0,0,0,2,0,"56,134"
,,Oakdale,1,0,0,0,0,0,0,0,0,1,"23,808"
,,Oakland,5,3,5,0,0,0,2,3,5,3,"434,036"
,,Oceanside,3,1,4,0,0,0,1,4,3,0,"177,129"
,,Ontario,1,0,0,0,0,0,0,0,1,0,"183,322"
,,Orange,3,0,0,0,0,0,0,0,1,2,"139,830"
,,Oroville,2,0,0,0,0,0,1,1,0,0,"19,268"
,,Oxnard,1,0,0,0,0,0,0,0,1,0,"211,349"
,,Pacifica,1,0,0,0,0,0,0,0,1,0,"38,938"
,,Palmdale,3,0,0,0,0,0,0,0,2,1,"157,138"
,,Palm Springs,4,2,5,0,0,0,3,4,1,3,"48,846"
,,Palo Alto2,1,2,2,0,0,0,1,0,1,2,"66,938"
,,Parlier,0,0,1,0,0,0,0,0,1,0,"15,384"
,,Pasadena,2,2,0,0,0,0,0,1,2,1,"141,913"
,,Paso Robles,1,0,0,0,0,0,1,0,0,0,"32,528"
,,Petaluma,3,0,1,0,0,0,0,1,3,0,"62,425"
,,Pico Rivera,0,0,1,0,0,0,0,0,1,0,"62,880"
,,Pittsburg,0,1,1,1,0,0,0,1,0,2,"73,637"
,,Placentia,0,1,0,0,0,0,1,0,0,0,"51,756"
,,Pleasant Hill,1,0,0,0,0,0,0,0,0,1,"35,125"
,,Pomona,4,0,1,0,0,0,1,3,1,0,"152,776"
,,Poway,1,1,0,0,0,0,0,1,0,1,"49,928"
,,Rancho Cordova,1,0,0,0,0,0,1,0,0,0,"75,869"
,,Rancho Cucamonga,1,0,0,0,0,0,1,,0,0,"179,247"
,,Rancho Santa Margarita,1,0,0,0,1,0,0,0,0,2,"48,377"
,,Red Bluff,2,0,0,0,0,0,0,1,1,0,"14,308"
,,Redding,1,0,0,0,0,0,1,,,,"92,009"
,,Redlands,0,0,2,0,0,0,0,0,2,0,"71,941"
,,Redondo Beach,0,1,0,0,0,0,0,0,1,0,"67,473"
,,Redwood City,0,0,0,0,0,1,0,0,1,0,"87,427"
,,Rialto,1,0,0,0,0,0,0,0,0,1,"103,965"
,,Richmond,7,0,2,0,0,0,3,2,0,4,"110,988"
,,Ridgecrest,0,0,1,0,0,0,0,0,0,1,"29,101"
,,Riverside,10,1,4,0,0,0,8,3,4,0,"333,260"
,,Rohnert Park,1,0,0,0,0,0,0,0,1,0,"44,131"
,,Rosemead,1,0,0,0,0,0,1,0,0,0,"54,489"
,,Roseville,5,0,0,1,0,0,1,3,1,1,"141,744"
,,Sacramento,1,1,1,1,0,2,1,0,4,1,"513,934"
,,Salinas,0,0,1,0,0,0,0,1,0,0,"156,943"
,,San Bernardino,4,0,4,0,0,0,1,0,2,5,"216,715"
,,San Bruno,1,0,0,0,0,0,0,0,1,0,"43,297"
,,San Clemente,1,2,2,0,0,0,1,0,3,1,"65,018"
,,San Diego,8,11,9,1,0,1,9,8,9,4,"1,441,737"
,,San Francisco,35,5,22,0,0,2,17,17,24,6,"886,007"
,,San Gabriel,2,0,0,0,0,0,0,1,1,0,"40,422"
,,San Jose,13,7,10,1,0,2,9,8,7,9,"1,040,008"
,,San Leandro,0,0,2,0,0,0,1,1,0,0,"90,297"
,,San Luis Obispo,6,2,1,0,0,1,1,2,2,5,"47,735"
,,San Marcos,1,1,0,0,0,0,1,0,0,1,"98,598"
,,San Mateo,7,0,0,0,0,0,1,0,1,5,"106,020"
,,San Rafael,5,0,1,0,0,0,1,1,2,2,"58,819"
,,San Ramon,2,0,1,0,0,0,1,1,1,0,"76,387"
,,Santa Ana,3,6,2,0,0,0,2,4,3,2,"333,664"
,,Santa Clarita,1,1,0,0,0,0,0,1,1,0,"218,103"
,,Santa Cruz,1,0,1,0,0,0,1,1,0,0,"65,263"
,,Santa Monica,1,2,1,0,0,0,1,0,2,1,"91,621"
,,Santa Rosa,2,0,2,0,1,0,2,1,2,0,"177,884"
,,Seaside,1,1,0,0,0,0,1,1,0,0,"34,036"
,,South El Monte,1,0,1,0,0,0,1,1,0,0,"20,852"
,,South Lake Tahoe,0,1,0,0,0,0,0,1,0,0,"22,116"
,,Stockton,1,2,1,0,0,0,0,1,1,2,"313,604"
,,Sunnyvale,2,4,0,0,0,0,1,2,0,3,"154,859"
,,Temecula,1,0,0,0,0,0,0,0,0,1,"116,630"
,,Thousand Oaks,0,0,1,0,0,0,0,1,0,0,"127,811"
,,Torrance,1,0,1,0,0,0,0,0,2,0,"145,183"
,,Tracy,0,1,0,0,0,0,1,0,0,0,"92,895"
,,Turlock,1,1,1,0,0,0,2,0,0,1,"74,120"
,,Union City,6,0,0,0,0,0,5,1,0,0,"75,202"
,,Upland,2,0,0,0,0,0,0,0,0,2,"77,398"
,,Vacaville,5,0,0,0,0,0,0,3,0,2,"101,147"
,,Ventura,2,1,1,0,0,0,1,1,1,1,"111,596"
,,Walnut Creek,2,2,1,0,0,0,1,2,1,1,"70,546"
,,West Hollywood,0,1,0,0,0,0,1,0,0,0,"37,173"
,,Westminster,2,1,0,0,0,0,2,,0,1,"91,086"
,,Whittier,0,0,1,0,0,0,0,,0,1,"86,158"
,,Windsor,1,0,0,0,0,0,1,0,0,0,"27,981"
,,Yorba Linda,1,0,1,0,0,0,0,0,2,0,"68,225"
,,Yuba City,0,0,0,0,0,1,0,0,1,0,"67,164"
,,Yucca Valley,0,0,1,0,0,0,1,,0,0,"21,858"
,Universities and Colleges,,17,2,1,0,0,0,,,,,
,,California State University:,,,,,,,,,,,
,,Chico,1,0,0,0,0,0,0,1,0,0,"19,754"
,,East Bay,1,0,0,0,0,0,1,0,0,0,"19,613"
,,Northridge,1,0,0,0,0,0,0,0,0,1,"44,639"
,,Humboldt State University,7,1,0,0,0,0,1,4,0,3,"9,262"
,,San Diego State University,1,0,0,0,0,0,0,1,0,0,"37,748"
,,San Francisco State University,1,0,0,0,0,0,0,0,1,0,"33,506"
,,University of California:,,,,,,,,,,,
,,Davis,4,0,0,0,0,0,0,2,1,1,"39,783"
,,Irvine,1,0,0,0,0,0,0,0,0,1,"37,170"
,,San Diego,0,1,1,0,0,0,1,1,0,0,"37,744"
,Metropolitan Counties ,,52,12,17,2,1,3,,,,,
,,Los Angeles,10,1,3,0,1,0,5,5,3,2,
,,Marin,2,2,0,0,0,0,0,2,2,0,
,,Merced,1,0,0,0,0,0,1,0,0,0,
,,Monterey,1,0,0,0,0,0,0,0,1,0,
,,Napa,1,0,1,0,0,0,0,0,2,0,
,,Orange,6,1,1,1,0,0,1,4,2,2,
,,Riverside,3,1,1,0,0,0,2,1,1,1,
,,Sacramento,2,0,0,0,0,2,0,1,1,2,
,,San Bernardino,0,0,2,0,0,0,2,,0,0,
,,San Diego,12,4,6,1,0,1,6,7,8,3,
,,San Luis Obispo,0,1,1,0,0,0,0,0,1,1,
,,San Mateo,3,0,1,0,0,0,0,0,3,1,
,,Santa Barbara,0,1,0,0,0,0,0,0,1,0,
,,Santa Clara,4,1,0,0,0,0,1,1,2,1,
,,Santa Cruz,6,0,1,0,0,0,2,2,1,2,
,,Tulare,1,0,0,0,0,0,0,0,0,1,
,Nonmetropolitan Counties ,,2,1,2,0,0,0,,,,,
,,Glenn,0,0,1,0,0,0,,1,0,0,
,,Mendocino,1,1,0,0,0,0,1,1,0,0,
,,Nevada,1,0,0,0,0,0,0,0,1,0,
,,Tuolumne,0,0,1,0,0,0,0,0,1,0,
,Other Agencies,,6,0,3,0,1,0,,,,,
,,Los Angeles Transportation Services Bureau,0,0,3,0,1,0,3,0,0,1,
,,Port of San Diego Harbor,5,0,0,0,0,0,1,,3,1,
,,Santa Clara Transit District,1,0,0,0,0,0,0,1,0,0,
Colorado,Total,,117,36,47,7,0,5,,,,,
,Cities ,,96,30,40,3,0,2,,,,,
,,Aurora,2,0,0,0,0,0,0,1,1,0,"380,600"
,,Boulder,4,1,3,0,0,0,2,2,0,4,"108,519"
,,Brighton,1,1,0,0,0,0,0,0,0,2,"42,267"
,,Broomfield,1,0,0,0,0,0,0,0,1,0,"70,798"
,,Canon City,1,1,0,0,0,0,1,1,0,0,"16,793"
,,Carbondale,1,0,0,0,0,0,0,0,0,1,"6,941"
,,Castle Rock,1,0,0,0,0,0,0,0,0,1,"67,208"
,,Centennial,0,2,0,0,0,0,0,1,0,1,"112,129"
,,Colorado Springs,6,2,4,0,0,0,1,3,5,3,"479,648"
,,Commerce City,2,0,0,0,0,0,1,0,1,0,"60,198"
,,Denver,40,15,26,2,0,2,11,39,25,10,"728,941"
,,Durango,1,1,0,0,0,0,0,1,0,1,"19,271"
,,Edgewater,1,0,0,0,0,0,1,0,0,0,"5,363"
,,Englewood,2,0,0,0,0,0,1,1,0,0,"35,273"
,,Evans,3,0,0,0,0,0,1,0,2,0,"21,585"
,,Fort Collins2,4,2,1,0,0,0,2,2,0,2,"170,889"
,,Frisco,1,0,0,0,0,0,0,1,0,0,"3,220"
,,Glenwood Springs,4,0,0,0,0,0,2,0,1,1,"10,027"
,,Grand Junction,2,1,0,0,0,0,1,1,1,0,"63,949"
,,Greenwood Village,1,0,1,0,0,0,1,1,0,0,"16,046"
,,Hudson,0,0,1,0,0,0,1,0,0,0,"1,806"
,,Lone Tree,1,0,0,0,0,0,0,0,1,0,"15,129"
,,Longmont,2,0,1,1,0,0,2,1,1,0,"97,928"
,,Loveland,1,0,0,0,0,0,1,0,0,0,"78,856"
,,Manitou Springs,0,1,0,0,0,0,0,0,1,0,"5,388"
,,Parker,2,1,0,0,0,0,2,1,0,0,"57,050"
,,Pueblo,1,1,0,0,0,0,1,0,0,1,"112,381"
,,Rifle,2,0,0,0,0,0,0,1,1,0,"9,782"
,,Silt,1,0,0,0,0,0,1,0,0,0,"3,215"
,,Sterling,1,0,0,0,0,0,0,0,1,0,"13,573"
,,Thornton2,3,1,2,0,0,0,0,2,1,2,"142,168"
,,Timnath,1,0,0,0,0,0,0,1,0,0,"5,027"
,,Westminster,3,0,1,0,0,0,0,0,3,1,"114,392"
,Universities and Colleges,,10,1,1,0,0,0,,,,,
,,"Colorado State University, Fort Collins",2,1,0,0,0,0,1,0,1,1,"37,676"
,,Fort Lewis College,1,0,0,0,0,0,0,1,0,0,"3,730"
,,"University of Colorado, Boulder",7,0,0,0,0,0,2,0,3,2,"39,302"
,,University of Northern Colorado,0,0,1,0,0,0,0,0,1,0,"15,825"
,Metropolitan Counties,,4,4,3,4,0,1,,,,,
,,Adams,1,0,0,1,0,0,1,0,1,0,
,,Douglas,2,2,0,2,0,0,1,1,2,2,
,,Jefferson,1,0,0,1,0,0,1,1,0,0,
,,Larimer,0,1,0,0,0,1,2,0,0,0,
,,Mesa,0,0,2,0,0,0,0,1,1,0,
,,Park,0,1,1,0,0,0,0,1,1,0,
,Nonmetropolitan Counties ,,7,1,3,0,0,2,,,,,
,,Bent,0,1,0,0,0,0,0,1,0,0,
,,Custer,1,0,0,0,0,0,1,0,0,0,
,,Fremont,1,0,1,0,0,0,0,1,1,0,
,,Garfield,1,0,0,0,0,2,1,1,1,0,
,,Huerfano,2,0,1,0,0,0,1,1,1,0,
,,San Miguel,1,0,0,0,0,0,0,0,1,0,
,,Summit,1,0,1,0,0,0,1,0,1,0,
Connecticut,Total,,48,16,11,0,1,0,,,,,
,Cities ,,45,12,11,0,1,0,,,,,
,,Bloomfield,0,1,0,0,0,0,0,0,1,0,"21,406"
,,Bridgeport,1,1,1,0,0,0,1,2,0,0,"144,908"
,,Bristol,1,0,0,0,0,0,1,0,0,0,"59,977"
,,Cheshire,0,1,0,0,0,0,0,1,0,0,"29,167"
,,Danbury,3,0,0,0,0,0,1,1,1,0,"85,167"
,,Derby,1,0,0,0,0,0,0,0,1,0,"12,468"
,,East Hartford,1,1,1,0,0,0,0,1,1,1,"49,842"
,,East Lyme,1,0,0,0,0,0,0,0,0,1,"18,588"
,,Enfield,2,0,0,0,0,0,0,0,1,1,"44,443"
,,Farmington,1,0,0,0,0,0,1,0,0,0,"25,525"
,,Glastonbury,2,0,1,0,0,0,2,1,0,0,"34,497"
,,Madison,1,0,0,0,0,0,0,0,0,1,"18,087"
,,Manchester,4,0,1,0,0,0,1,1,2,1,"57,630"
,,Middletown,1,0,0,0,0,0,0,0,1,0,"45,963"
,,Milford,1,0,1,0,0,0,,1,0,1,"54,898"
,,New Britain,2,1,0,0,0,0,,1,1,1,"72,354"
,,New Haven,5,2,2,0,0,0,2,5,1,1,"130,494"
,,New London,1,0,0,0,0,0,0,1,0,0,"26,856"
,,New Milford,1,0,0,0,0,0,0,1,0,0,"26,835"
,,Norwalk,1,0,0,0,0,0,0,0,0,1,"89,440"
,,Norwich,0,0,1,0,0,0,0,0,1,0,"38,964"
,,Old Saybrook,2,0,0,0,0,0,0,0,2,0,"10,069"
,,Orange,1,0,0,0,0,0,0,0,1,0,"13,948"
,,Plainville,1,0,0,0,0,0,0,0,1,0,"17,610"
,,Plymouth,1,0,0,0,0,0,0,0,0,1,"11,573"
,,Ridgefield,1,0,0,0,0,0,0,0,0,1,"25,050"
,,Seymour,0,1,0,0,0,0,1,0,0,0,"16,505"
,,Stamford,3,3,2,0,0,0,0,1,3,4,"130,678"
,,Torrington,1,0,0,0,1,0,1,0,0,1,"33,972"
,,Wallingford,1,0,0,0,0,0,1,0,0,0,"44,457"
,,West Hartford,1,0,0,0,0,0,1,0,0,0,"62,875"
,,West Haven,1,0,0,0,0,0,0,0,1,0,"54,794"
,,Westport,0,1,0,0,0,0,0,0,1,0,"28,332"
,,Wethersfield,1,0,0,0,0,0,1,0,0,0,"26,009"
,,Willimantic,0,0,1,0,0,0,0,1,0,0,"17,660"
,,Wilton,1,0,0,0,0,0,1,0,0,0,"18,439"
,Universities and Colleges,,2,1,0,0,0,0,,,,,
,,Southern Connecticut State University,1,0,0,0,0,0,0,0,1,0,"11,642"
,,"University of Connecticut, Storrs, Avery Point, and Hartford3",1,0,0,0,0,0,0,0,0,1,
,,Yale University,0,1,0,0,0,0,,,,1,"13,972"
,State Police Agencies,,1,3,0,0,0,0,,,,,
,,Connecticut State Police,1,3,0,0,0,0,0,1,2,1,
Delaware,Total,,10,4,7,0,0,1,,,,,
,Cities ,,4,2,3,0,0,1,,,,,
,,Bethany Beach,1,0,0,0,0,0,0,0,1,0,"1,244"
,,Dover,0,1,2,0,0,0,1,0,1,1,"38,361"
,,Milford,2,0,0,0,0,0,0,1,0,1,"11,592"
,,Seaford,1,1,0,0,0,0,1,0,1,0,"7,987"
,,Wilmington,0,0,1,0,0,1,0,2,0,0,"70,624"
,Universities and Colleges,,3,0,2,0,0,0,,,,,
,,Delaware State University,0,0,1,0,0,0,1,0,0,0,"4,633"
,,University of Delaware,3,0,1,0,0,0,1,1,1,1,"25,534"
,Metropolitan Counties,,1,1,1,0,0,0,,,,,
,,New Castle County Police Department,1,1,1,0,0,0,1,2,0,0,
,State Police Agencies,,2,1,1,0,0,0,,,,,
,,State Police:,,,,,,,,,,,
,,New Castle County,2,1,0,0,0,0,1,0,1,1,
,,Sussex County,0,0,1,0,0,0,0,0,1,0,
District of Columbia,Total,,119,8,65,1,2,27,,,,,
,Cities,,107,5,60,1,2,27,,,,,
,,Washington,107,5,60,1,2,27,53,57,55,37,"705,749"
,Other Agencies,,12,3,5,0,0,0,,,,,
,,Metro Transit Police,12,3,5,0,0,0,8,3,6,3,
Florida,Total,,48,36,27,0,0,0,,,,,
,Cities,,32,32,19,0,0,0,,,,,
,,Bal Harbour Village,0,1,0,0,0,0,1,,,,"3,086"
,,Boca Raton,1,1,0,0,0,0,0,0,1,1,"101,163"
,,Cape Coral,1,0,1,0,0,0,0,1,0,1,"194,183"
,,Davie,3,0,0,0,0,0,2,1,0,0,"108,486"
,,DeLand,1,0,0,0,0,0,1,0,0,0,"34,468"
,,Deerfield Beach,0,0,1,0,0,0,0,0,0,1,"81,602"
,,Fort Lauderdale,2,0,1,0,0,0,0,3,0,0,"184,765"
,,Fort Myers,1,0,0,0,0,0,1,0,0,0,"85,127"
,,Gainesville,2,1,1,0,0,0,1,1,1,1,"135,085"
,,Jacksonville,4,0,0,0,0,0,0,1,2,1,"909,142"
,,Largo,2,0,0,0,0,0,0,0,0,2,"85,740"
,,Miami,0,2,0,0,0,0,1,0,1,0,"480,505"
,,Miami Beach,0,16,4,0,0,0,8,4,4,4,"92,185"
,,Miami Gardens,0,1,0,0,0,0,0,1,0,0,"113,786"
,,Miami Shores,0,0,1,0,0,0,0,1,0,0,"10,572"
,,Miramar,0,0,2,0,0,0,2,0,0,0,"143,334"
,,New Port Richey,1,0,0,0,0,0,0,0,0,1,"16,703"
,,North Miami,1,0,0,0,0,0,1,0,0,0,"63,547"
,,North Miami Beach,2,1,0,0,0,0,,1,1,1,"46,307"
,,North Port,1,0,0,0,0,0,1,0,0,0,"70,181"
,,Oakland Park,0,0,1,0,0,0,0,0,1,0,"45,857"
,,Ocala,1,0,1,0,0,0,0,0,0,2,"60,932"
,,Orlando,1,1,2,0,0,0,2,1,0,1,"292,120"
,,Palm Bay,0,0,1,0,0,0,0,0,0,1,"115,520"
,,Palm Beach Gardens,1,1,0,0,0,0,0,0,2,0,"57,236"
,,Pompano Beach,1,0,1,0,0,0,0,0,2,0,"113,536"
,,Port St. Lucie,1,1,1,0,0,0,,1,1,1,"199,433"
,,Royal Palm Beach,1,0,0,0,0,0,,1,0,0,"40,802"
,,Sarasota,1,0,0,0,0,0,0,0,0,1,"58,470"
,,St. Augustine,0,1,0,0,0,0,1,0,0,0,"14,778"
,,Sunny Isles Beach,0,0,1,0,0,0,0,1,0,0,"22,476"
,,Sunrise,0,1,0,0,0,0,1,0,0,0,"96,919"
,,Tampa,0,2,0,0,0,0,1,1,0,0,"400,501"
,,Temple Terrace,1,0,0,0,0,0,0,0,0,1,"26,725"
,,Titusville,0,1,0,0,0,0,0,0,0,1,"46,866"
,,Weston,0,1,0,0,0,0,0,0,0,1,"71,946"
,,Winter Garden,2,0,0,0,0,0,0,2,0,0,"46,750"
,Metropolitan Counties,,15,4,8,0,0,0,,,,,
,,Alachua,0,0,1,0,0,0,0,0,1,0,
,,Bay,1,0,0,0,0,0,1,0,0,0,
,,Lake,2,0,0,0,0,0,2,0,0,0,
,,Lee,5,0,0,0,0,0,1,0,2,2,
,,Miami-Dade,0,3,2,0,0,0,1,2,,2,
,,Orange,1,1,1,0,0,0,0,2,0,1,
,,Osceola,1,0,1,0,0,0,1,0,1,0,
,,Pasco,1,0,1,0,0,0,1,1,0,0,
,,Santa Rosa,0,0,1,0,0,0,0,0,0,1,
,,Sarasota,1,0,0,0,0,0,0,0,0,1,
,,St. Johns,1,0,0,0,0,0,0,0,0,1,
,,Sumter,1,0,1,0,0,0,2,0,0,0,
,,Volusia,1,0,0,0,0,0,1,0,0,0,
,Other Agencies,,1,0,0,0,0,0,,,,,
,,Fort Lauderdale Airport,1,0,0,0,0,0,0,0,1,0,
Georgia,Total,,77,9,6,4,3,3,,,,,
,Cities,,48,5,3,1,1,1,,,,,
,,Albany,1,0,0,0,0,0,0,0,1,0,"74,989"
,,Atlanta,0,1,0,0,0,0,1,0,0,,"507,369"
,,Brookhaven,1,0,1,0,0,0,0,0,0,2,"54,734"
,,Cartersville,1,0,0,0,0,0,1,0,0,0,"21,322"
,,College Park,1,0,0,0,0,0,0,0,0,1,"15,278"
,,Columbus,1,1,0,0,0,0,,1,1,,"194,356"
,,Douglasville,2,0,0,0,0,0,0,0,0,2,"34,609"
,,Dunwoody,3,0,1,0,0,0,2,1,0,1,"49,868"
,,Emerson,0,1,0,0,0,0,0,0,1,0,"1,603"
,,Fayetteville,0,0,0,0,1,0,0,0,0,1,"18,041"
,,Garden City,1,0,0,0,0,0,1,0,0,0,"8,854"
,,Glennville,0,0,1,0,0,0,0,0,0,1,"5,084"
,,Griffin,3,0,0,0,0,0,0,0,0,3,"22,840"
,,Johns Creek,2,0,0,0,0,0,0,0,0,2,"85,258"
,,Kennesaw,3,1,0,0,0,0,0,0,0,4,"34,641"
,,Lilburn,1,0,0,0,0,0,0,0,0,1,"12,769"
,,Manchester,2,0,0,0,0,0,0,1,1,0,"3,958"
,,Marietta,1,0,0,0,0,0,0,0,0,1,"61,324"
,,Milledgeville,4,0,0,0,0,0,0,0,0,4,"18,655"
,,Monroe,1,0,0,0,0,0,0,0,0,1,"13,662"
,,Newnan,1,0,0,0,0,0,0,0,0,1,"40,720"
,,Omega,0,0,0,0,0,1,,,,1,"1,222"
,,Sandy Springs,4,1,0,1,0,0,0,1,1,4,"110,760"
,,Smyrna,2,0,0,0,0,0,0,0,0,2,"57,423"
,,Snellville,1,0,0,0,0,0,0,0,0,1,"20,113"
,,Sparta,4,0,0,0,0,0,0,0,0,4,"1,209"
,,Suwanee,1,0,0,0,0,0,0,1,0,0,"21,331"
,,Warner Robins,7,0,0,0,0,0,0,0,0,7,"76,623"
,Universities and Colleges,,4,0,0,0,0,0,,,,,
,,Fort Valley State University,4,0,0,0,0,0,0,0,0,4,"3,044"
,Metropolitan Counties,,19,3,3,1,1,2,,,,,
,,Cherokee,0,1,0,0,0,0,0,0,0,1,
,,Cobb County Police Department,11,1,2,0,0,0,3,4,2,5,
,,Coweta,0,0,1,0,0,0,0,0,1,0,
,,Douglas,1,0,0,0,0,1,0,0,0,2,
,,Fayette,1,0,0,0,0,0,0,0,0,1,
,,Forsyth,2,0,0,0,0,0,0,0,0,2,
,,Hall,1,0,0,1,0,0,0,1,1,0,
,,Haralson,1,0,0,0,0,0,,,0,1,
,,Lee,0,0,0,0,1,0,0,0,1,0,
,,Murray,0,1,0,0,0,0,,0,0,1,
,,Newton,0,0,0,0,0,1,0,0,1,0,
,,Paulding,1,0,0,0,0,0,0,0,0,1,
,,Whitfield,1,0,0,0,0,0,0,0,1,,
,Nonmetropolitan Counties,,4,0,0,1,1,0,,,,,
,,Banks,0,0,0,1,0,0,1,0,0,,
,,Decatur,1,0,0,0,0,0,0,0,0,1,
,,Fannin,1,0,0,0,0,0,0,0,0,1,
,,Montgomery,1,0,0,0,0,0,,,1,0,
,,Pierce,1,0,0,0,1,0,2,0,0,0,
,Other Agencies,,2,1,0,1,0,0,,,,,
,,Atlanta Public Schools,1,0,0,0,0,0,0,0,0,1,
,,Fulton County School System,0,1,0,1,0,0,0,0,0,2,
,,Gwinnett County Public Schools,1,0,0,0,0,0,0,0,1,0,
Hawaii,Total,,30,2,9,0,0,0,,,,,
,Cities,,30,2,9,0,0,0,,,,,
,,Honolulu,30,2,9,0,0,0,15,7,12,7,"974,902"
Idaho,Total,,18,1,4,1,0,0,,,,,
,Cities,,12,0,4,0,0,0,,,,,
,,Boise,6,0,2,0,0,0,3,2,1,2,"231,314"
,,Chubbuck,1,0,0,0,0,0,1,0,0,0,"15,490"
,,Coeur d'Alene,3,0,0,0,0,0,0,0,0,3,"52,256"
,,Jerome,1,0,0,0,0,0,1,0,0,0,"11,921"
,,Pocatello,0,0,1,0,0,0,0,1,0,0,"56,514"
,,Post Falls,1,0,1,0,0,0,1,0,1,0,"35,649"
,Metropolitan Counties,,3,0,0,1,0,0,,,,,
,,Bonneville,3,0,0,1,0,0,0,3,0,1,
,Nonmetropolitan Counties,,3,1,0,0,0,0,,,,,
,,Cassia,3,0,0,0,0,0,0,1,2,0,
,,Idaho,0,1,0,0,0,0,1,0,0,0,
Illinois,Total,,34,9,17,0,0,6,,,,,
,Cities,,30,9,17,0,0,6,,,,,
,,Aurora,0,1,0,0,0,0,0,0,0,1,"199,784"
,,Bartonville,0,0,1,0,0,0,1,0,0,0,"6,137"
,,Bloomingdale,0,1,0,0,0,0,1,0,,0,"21,872"
,,Bolingbrook,0,0,2,0,0,0,0,1,,1,"75,394"
,,Chicago2,18,5,11,0,0,6,13,17,9,0,"2,707,064"
,,DeKalb,1,0,0,0,0,0,0,1,0,0,"42,428"
,,Elk Grove Village,1,0,0,0,0,0,0,1,0,0,"32,371"
,,Fairview Heights,1,0,0,0,0,0,0,0,0,1,"16,368"
,,Farmington,1,0,0,0,0,0,0,1,0,0,"2,236"
,,Galesburg,0,1,0,0,0,0,1,0,0,0,"30,220"
,,Genoa,0,1,0,0,0,0,0,1,0,,"5,211"
,,Hoopeston,1,0,0,0,0,0,1,0,0,0,"5,046"
,,Joliet,0,0,1,0,0,0,1,0,0,0,"148,155"
,,Montgomery,1,0,0,0,0,0,0,0,1,0,"19,927"
,,Pingree Grove,1,0,0,0,0,0,0,0,1,0,"9,765"
,,Pontiac,1,0,0,0,0,0,1,0,0,0,"11,211"
,,Rockford,1,0,2,0,0,0,1,1,1,0,"145,719"
,,Springfield,1,0,0,0,0,0,0,0,0,1,"114,393"
,,Steger,1,0,0,0,0,0,0,1,0,0,"9,301"
,,Streamwood,1,0,0,0,0,0,0,0,1,0,"39,529"
,Metropolitan Counties,,4,0,0,0,0,0,,,,,
,,Lake,1,0,0,0,0,0,0,,,1,
,,Peoria,2,0,0,0,0,0,0,1,1,0,
,,Sangamon,1,0,0,0,0,0,0,1,0,0,
Indiana,Total,,47,13,14,0,0,2,,,,,
,Cities,,43,11,10,0,0,2,,,,,
,,Bloomington,1,0,0,0,0,0,1,0,0,0,"85,542"
,,Columbus,2,0,1,0,0,0,0,1,0,2,"47,991"
,,Evansville,1,0,0,0,0,0,,1,,,"117,700"
,,Fort Wayne,1,1,1,0,0,0,1,1,1,0,"269,366"
,,Frankfort,1,0,0,0,0,0,,,1,,"15,759"
,,Hammond,5,0,1,0,0,0,2,1,3,,"75,201"
,,Hobart,2,0,0,0,0,0,0,0,1,1,"27,880"
,,Indianapolis,13,5,3,0,0,1,5,3,8,6,"883,699"
,,Lafayette,6,2,2,0,0,0,,4,4,2,"72,585"
,,Leavenworth,0,0,1,0,0,0,,0,,1,232
,,Linton,1,1,0,0,0,0,,0,2,,"5,185"
,,Plainfield2,3,0,1,0,0,0,,,2,1,"35,317"
,,Schererville,0,1,0,0,0,0,,1,0,0,"28,412"
,,South Bend,4,1,0,0,0,1,2,1,2,1,"101,944"
,,Terre Haute,3,0,0,0,0,0,1,0,2,0,"60,749"
,Universities and Colleges,,0,1,1,0,0,0,,,,,
,,Butler University,0,0,1,0,0,0,1,,,,"5,306"
,,University of Indianapolis3,0,1,0,0,0,0,,,1,0,
,Metropolitan Counties,,4,1,2,0,0,0,,,,,
,,La Porte,1,0,0,0,0,0,0,0,1,0,
,,Madison,1,0,0,0,0,0,0,0,0,1,
,,Porter,0,1,0,0,0,0,0,0,1,0,
,,St. Joseph,1,0,0,0,0,0,0,0,0,1,
,,Vigo,1,0,2,0,0,0,0,0,2,1,
,State Police Agencies,,0,0,1,0,0,0,,,,,
,,State Police:,,,,,,,,,,,
,,Greene County,0,0,1,0,0,0,0,0,1,0,
Iowa,Total,,6,0,4,0,0,0,,,,,
,Cities,,5,0,4,0,0,0,,,,,
,,Ames,0,0,2,0,0,0,0,1,1,0,"68,237"
,,Clive,0,0,1,0,0,0,0,0,0,1,"17,305"
,,Davenport,1,0,0,0,0,0,0,0,0,1,"102,392"
,,Dubuque,1,0,0,0,0,0,0,0,1,0,"57,973"
,,Iowa City,2,0,0,0,0,0,0,2,0,0,"77,390"
,,Sioux City,0,0,1,0,0,0,1,0,0,0,"82,339"
,,Waterloo,1,0,0,0,0,0,0,0,1,0,"67,723"
,Universities and Colleges,,1,0,0,0,0,0,,,,,
,,Iowa State University,1,0,0,0,0,0,0,0,0,1,"39,108"
Kansas,Total,,38,27,7,3,1,2,,,,,
,Cities,,32,12,5,3,0,2,,,,,
,,Atchison,1,0,0,0,0,0,0,1,0,0,"10,509"
,,Basehor,0,1,0,0,0,0,0,0,0,1,"6,418"
,,Bel Aire,0,1,0,0,0,0,1,0,0,0,"8,252"
,,Bonner Springs,1,0,0,0,0,0,0,1,0,0,"7,850"
,,Cherryvale,0,1,0,0,0,0,0,1,0,0,"2,127"
,,Clay Center,0,0,0,1,0,0,0,0,1,0,"3,946"
,,Coffeyville,0,1,0,0,0,0,0,0,0,1,"9,260"
,,Columbus,1,0,0,0,0,0,0,0,0,1,"3,042"
,,Concordia,1,0,1,0,0,0,0,0,0,2,"4,904"
,,Dodge City,2,0,0,0,0,0,0,1,0,1,"27,314"
,,El Dorado,1,0,0,0,0,0,0,0,1,0,"12,899"
,,Garden City,1,0,1,0,0,0,2,0,0,0,"26,509"
,,Gardner,1,0,0,0,0,0,0,0,1,0,"22,229"
,,Garnett,1,0,0,0,0,0,0,0,0,1,"3,244"
,,Goodland,0,1,0,0,0,0,1,0,0,0,"4,374"
,,Hays,1,0,0,0,0,0,0,0,1,0,"20,894"
,,Haysville,0,1,0,0,0,0,1,0,0,0,"11,319"
,,Hiawatha,1,1,0,0,0,0,0,1,1,0,"3,119"
,,Hillsboro,1,0,0,1,0,0,2,0,0,0,"2,814"
,,Hoisington,1,0,0,0,0,0,0,1,0,0,"2,486"
,,Hutchinson,2,0,0,0,0,0,1,0,1,0,"40,431"
,,Independence,0,0,1,0,0,0,0,0,1,0,"8,497"
,,Larned,1,0,0,0,0,0,0,1,0,0,"3,739"
,,Leavenworth,2,0,0,0,0,0,0,0,2,0,"36,149"
,,Leawood,0,0,0,1,0,0,1,0,0,0,"35,052"
,,Lindsborg,0,1,0,0,0,0,0,1,0,0,"3,269"
,,Maize,0,1,0,0,0,0,1,0,0,0,"4,836"
,,Paola,1,0,0,0,0,0,0,1,0,0,"5,676"
,,Salina,6,0,0,0,0,2,1,6,0,1,"46,567"
,,Shawnee,2,0,0,0,0,0,0,1,1,0,"66,300"
,,Tonganoxie,1,1,0,0,0,0,1,0,0,1,"5,591"
,,Topeka,1,0,0,0,0,0,1,0,0,0,"125,655"
,,Valley Center,0,1,0,0,0,0,0,0,1,0,"7,376"
,,Wichita,2,0,2,0,0,0,1,0,2,1,"390,080"
,,Winfield,0,1,0,0,0,0,0,0,0,1,"12,023"
,Universities and Colleges,,2,0,0,0,0,0,,,,,
,,University of Kansas:,,,,,,,,,,,
,,Main Campus,1,0,0,0,0,0,1,0,0,0,"31,136"
,,Medical Center3,1,0,0,0,0,0,1,0,0,0,
,Metropolitan Counties,,1,6,1,0,1,0,,,,,
,,Doniphan,0,1,0,0,0,0,0,0,1,0,
,,Jefferson,0,2,0,0,1,0,0,2,1,0,
,,Johnson,1,0,0,0,0,0,0,1,0,0,
,,Pottawatomie,0,1,0,0,0,0,0,1,0,0,
,,Riley County Police Department,0,0,1,0,0,0,0,0,1,0,
,,Sedgwick,0,2,0,0,0,0,0,2,0,0,
,Nonmetropolitan Counties,,2,7,1,0,0,0,,,,,
,,Barton,0,1,0,0,0,0,0,1,0,0,
,,Edwards,0,1,0,0,0,0,1,0,0,0,
,,Labette,0,3,0,0,0,0,1,1,0,1,
,,McPherson,0,1,0,0,0,0,1,0,0,0,
,,Nemaha,0,1,1,0,0,0,0,1,1,0,
,,Saline,1,0,0,0,0,0,0,0,0,1,
,,Thomas,1,0,0,0,0,0,0,1,0,0,
,State Police Agencies,,1,1,0,0,0,0,,,,,
,,Highway Patrol:,,,,,,,,,,,
,,Troop B,1,0,0,0,0,0,1,0,0,0,
,,Troop C,0,1,0,0,0,0,0,1,0,0,
,Other Agencies,,0,1,0,0,0,0,,,,,
,,Kansas Department of Wildlife and Parks,0,1,0,0,0,0,1,0,0,0,
Kentucky,Total,,114,12,19,1,2,4,,,,,
,Cities,,78,7,10,1,1,3,,,,,
,,Ashland,3,0,0,0,0,0,2,1,0,0,"20,222"
,,Audubon Park,1,0,0,0,0,0,0,1,0,0,"1,504"
,,Berea,2,0,0,0,0,0,1,1,0,0,"16,074"
,,Bowling Green,3,0,1,0,0,0,0,2,0,2,"69,627"
,,Campbellsville,2,0,0,0,0,0,0,0,1,1,"11,488"
,,Covington,8,0,0,0,0,0,6,0,0,2,"40,350"
,,Edgewood,1,0,0,0,0,0,0,0,0,1,"8,749"
,,Erlanger,1,0,0,0,0,0,1,0,0,0,"23,116"
,,Florence,2,0,0,1,0,0,1,1,0,1,"32,848"
,,Frankfort,3,0,0,0,0,0,2,0,1,0,"27,723"
,,Georgetown,3,0,0,0,0,0,2,1,0,0,"35,106"
,,Glasgow,1,0,0,0,0,0,1,0,0,0,"14,475"
,,Hodgenville,1,0,0,0,0,0,1,0,0,0,"3,239"
,,Hopkinsville,2,0,0,0,0,0,1,1,0,0,"30,895"
,,Jeffersontown,1,0,1,0,0,0,1,1,0,0,"28,015"
,,La Grange,1,0,0,0,0,0,1,0,0,0,"9,080"
,,Leitchfield,1,0,1,0,0,0,2,0,0,0,"6,852"
,,Lexington2,15,1,2,0,0,0,4,5,5,3,"326,070"
,,Louisville Metro,4,4,2,0,0,1,2,3,2,4,"675,501"
,,Mayfield,1,0,0,0,0,0,0,0,1,0,"9,851"
,,Maysville,2,0,0,0,0,0,0,2,0,0,"8,750"
,,Morehead,1,0,0,0,0,0,0,0,0,1,"7,736"
,,Newport,1,0,1,0,0,0,1,0,0,1,"14,965"
,,Nicholasville,1,0,0,0,0,0,1,0,0,0,"31,188"
,,Owensboro,5,0,0,0,0,0,0,0,4,1,"60,107"
,,Paducah,3,2,1,0,0,0,1,2,2,1,"24,832"
,,Radcliff,2,0,0,0,0,0,0,0,2,0,"22,998"
,,Richmond,1,0,0,0,0,0,1,0,0,0,"36,458"
,,Russell Springs,1,0,0,0,0,0,0,1,0,0,"2,632"
,,Shively,2,0,0,0,0,0,0,1,1,0,"15,845"
,,Simpsonville,0,0,1,0,0,0,1,0,0,0,"2,945"
,,Stanton,1,0,0,0,0,0,0,1,0,0,"2,651"
,,St. Matthews,0,0,0,0,1,0,0,0,0,1,"18,275"
,,Versailles,1,0,0,0,0,1,1,0,0,1,"26,625"
,,West Buechel,1,0,0,0,0,0,1,0,0,0,"1,285"
,,Winchester,0,0,0,0,0,1,0,1,0,0,"18,605"
,Universities and Colleges,,3,0,1,0,0,0,,,,,
,,University of Kentucky,1,0,0,0,0,0,1,0,0,0,"31,102"
,,University of Louisville,1,0,1,0,0,0,1,0,0,1,"24,828"
,,Western Kentucky University,1,0,0,0,0,0,0,0,0,1,"24,560"
,Metropolitan Counties,,9,2,5,0,1,0,,,,,
,,Boone2,4,1,3,0,1,0,1,2,3,1,
,,Bourbon,0,0,1,0,0,0,0,0,1,0,
,,Campbell County Police Department,1,0,0,0,0,0,0,0,1,0,
,,Christian,1,0,0,0,0,0,1,0,0,0,
,,Daviess,1,0,0,0,0,0,0,1,0,0,
,,Grant,1,0,0,0,0,0,1,0,0,0,
,,Hardin,1,0,0,0,0,0,0,1,0,0,
,,Warren,0,1,1,0,0,0,1,0,1,0,
,Nonmetropolitan Counties,,13,1,2,0,0,0,,,,,
,,Boyle,2,0,0,0,0,0,2,0,0,0,
,,Franklin,1,0,0,0,0,0,1,0,0,0,
,,Fulton,0,0,1,0,0,0,0,0,0,1,
,,Harrison,1,0,0,0,0,0,0,1,0,0,
,,Hopkins,2,0,0,0,0,0,1,0,0,1,
,,Knox2,1,1,0,0,0,0,0,0,0,1,
,,Logan,0,0,1,0,0,0,1,0,0,0,
,,Madison,1,0,0,0,0,0,0,0,0,1,
,,Marshall,1,0,0,0,0,0,1,0,0,0,
,,McCracken,2,0,0,0,0,0,0,0,1,1,
,,Pulaski,1,0,0,0,0,0,1,0,0,0,
,,Todd,1,0,0,0,0,0,0,0,0,1,
,State Police Agencies,,6,2,1,0,0,0,,,,,
,,State Police:,,,,,,,,,,,
,,Bowling Green,2,0,0,0,0,0,1,0,1,0,
,,Elizabethtown2,2,2,0,0,0,0,0,0,1,2,
,,Mayfield2,1,0,1,0,0,0,0,1,0,0,
,,Richmond,1,0,0,0,0,0,0,1,0,0,
,Other Agencies,,5,0,0,0,0,1,,,,,
,,Fayette County Schools,1,0,0,0,0,0,0,1,0,0,
,,Greater Hardin County Narcotics Task Force,1,0,0,0,0,0,1,0,0,0,
,,Jefferson County School District,2,0,0,0,0,1,0,1,1,1,
,,Metcalfe County Schools,1,0,0,0,0,0,,0,0,1,
Louisiana,Total,,9,8,7,2,0,0,,,,,
,Cities,,3,3,4,1,0,0,,,,,
,,Baton Rouge,0,0,1,0,0,0,0,1,0,0,"220,648"
,,New Orleans,2,0,3,0,0,0,2,1,1,1,"394,498"
,,Thibodaux,1,1,0,1,0,0,0,1,1,1,"14,587"
,,West Monroe,0,2,0,0,0,0,1,0,1,0,"12,350"
,Metropolitan Counties,,4,4,3,1,0,0,,,,,
,,Ascension,0,1,0,0,0,0,0,0,1,0,
,,Bossier,1,0,1,1,0,0,1,2,0,0,
,,Calcasieu,2,2,2,0,0,0,1,1,2,2,
,,Lafourche,0,1,0,0,0,0,0,0,1,0,
,,St. James,1,0,0,0,0,0,0,0,0,1,
,Nonmetropolitan Counties,,2,1,0,0,0,0,,,,,
,,Evangeline,0,1,0,0,0,0,0,1,0,0,
,,Madison,2,0,0,0,0,0,2,0,0,0,
Maine,Total,,10,2,7,0,0,0,,,,,
,Cities,,8,2,7,0,0,0,,,,,
,,Augusta,0,1,1,0,0,0,0,1,0,1,"18,629"
,,Biddeford,0,0,1,0,0,0,0,0,1,0,"21,545"
,,Lewiston,2,0,0,0,0,0,0,0,0,2,"35,865"
,,Portland,4,0,1,0,0,0,1,1,2,1,"66,458"
,,Rockland,1,0,0,0,0,0,0,0,1,0,"7,128"
,,Saco,1,0,3,0,0,0,1,2,1,0,"19,908"
,,Sanford,0,0,1,0,0,0,0,1,0,0,"21,233"
,,South Portland,0,1,0,0,0,0,0,0,0,1,"25,686"
,Nonmetropolitan Counties,,1,0,0,0,0,0,,,,,
,,Franklin,1,0,0,0,0,0,0,0,0,1,
,State Police Agencies,,1,0,0,0,0,0,,,,,
,,Maine State Police,1,0,0,0,0,0,1,0,0,0,
Maryland,Total,,7,4,7,1,0,0,,,,,
,Cities,,1,0,1,0,0,0,,,,,
,,Takoma Park,0,0,1,0,0,0,0,0,1,0,"17,893"
,,Westminster,1,0,0,0,0,0,1,0,0,0,"18,664"
,Universities and Colleges,,1,0,0,1,0,0,,,,,
,,University of Maryland:,,,,,,,,,,,
,,Baltimore County,0,0,0,1,0,0,1,0,0,0,"15,681"
,,College Park,1,0,0,0,0,0,0,0,1,0,"44,052"
,Metropolitan Counties,,4,4,6,0,0,0,,,,,
,,Carroll,1,0,0,0,0,0,1,0,0,0,
,,Harford,1,0,0,0,0,0,0,,1,0,
,,Montgomery County Police Department,0,3,1,0,0,0,2,2,0,0,
,,Prince George's County Police Department2,2,1,5,0,0,0,1,0,2,4,
,Other Agencies,,1,0,0,0,0,0,,,,,
,,Natural Resources Police,1,0,0,0,0,0,1,0,0,0,
Massachusetts,Total,,213,101,92,1,2,7,,,,,
,Cities,,202,88,86,1,2,7,,,,,
,,Acton,4,2,0,0,0,0,2,1,2,1,"23,780"
,,Amherst,0,0,0,0,1,0,0,1,0,0,"39,603"
,,Andover,0,2,0,0,0,0,0,0,1,1,"36,547"
,,Arlington2,3,3,2,0,0,1,1,3,1,2,"45,614"
,,Ashburnham,0,0,1,0,0,0,0,1,0,0,"6,330"
,,Attleboro,0,0,1,0,0,0,0,1,0,0,"44,959"
,,Barnstable2,3,3,0,0,0,0,2,0,3,0,"44,032"
,,Belmont,1,0,0,0,0,0,0,0,0,1,"26,331"
,,Boston2,113,26,47,0,1,1,39,57,39,42,"698,941"
,,Braintree,1,1,0,0,0,0,0,0,2,0,"37,145"
,,Brewster,0,0,1,0,0,0,0,0,1,0,"9,725"
,,Brockton,2,0,0,0,0,0,2,0,0,0,"95,287"
,,Brookline,4,2,0,0,0,0,1,1,1,3,"58,928"
,,Cambridge2,9,6,3,0,0,2,4,4,5,5,"119,908"
,,Chilmark,1,0,0,0,0,0,0,1,0,0,920
,,Concord,1,0,0,0,0,0,1,0,0,0,"19,253"
,,Danvers2,2,2,0,0,0,0,0,1,0,2,"27,664"
,,Dracut,1,0,0,0,0,0,0,0,1,0,"31,786"
,,Easthampton,0,0,1,0,0,0,0,1,0,0,"15,979"
,,Edgartown,1,0,0,0,0,0,0,0,1,0,"4,362"
,,Everett,1,0,0,0,0,0,0,0,1,0,"47,195"
,,Fall River,0,1,0,0,0,0,1,0,0,0,"89,066"
,,Framingham,0,1,0,0,0,0,0,1,0,0,"73,127"
,,Gloucester,1,0,0,0,0,0,0,0,1,0,"30,362"
,,Greenfield,1,1,1,0,0,0,1,1,1,0,"17,464"
,,Hamilton2,1,1,0,0,0,0,0,0,1,0,"8,075"
,,Haverhill2,4,2,1,0,0,0,0,3,2,1,"63,935"
,,Hingham,1,0,0,0,0,0,0,1,0,0,"23,960"
,,Hull2,1,1,0,0,0,0,0,0,1,0,"10,402"
,,Kingston,0,1,0,0,0,0,0,0,1,0,"13,758"
,,Leominster,1,0,0,0,0,0,0,0,0,1,"41,631"
,,Lynn,2,4,1,0,0,0,0,2,5,0,"94,449"
,,Malden,2,1,0,0,0,0,0,1,0,2,"60,746"
,,Manchester-by-the-Sea,0,3,0,0,0,0,3,0,0,0,"5,423"
,,Medford,1,3,0,0,0,0,0,1,1,2,"57,484"
,,Medway,0,1,0,0,0,0,1,0,0,0,"13,405"
,,Methuen,0,1,0,0,0,0,0,1,0,0,"50,727"
,,Milton,1,0,1,0,0,0,1,1,0,0,"27,471"
,,Montague,0,1,0,0,0,0,0,0,0,1,"8,298"
,,Natick,1,0,1,0,0,0,1,0,1,0,"36,358"
,,Needham,0,1,0,0,0,0,0,1,0,0,"31,275"
,,Newburyport,1,0,1,0,0,0,0,2,0,0,"18,158"
,,Newton2,2,1,2,0,0,1,3,0,0,2,"88,658"
,,North Andover,0,1,0,0,0,0,0,1,0,0,"31,428"
,,Northampton,1,0,2,0,0,0,0,2,0,1,"28,735"
,,Oak Bluffs,2,0,0,0,0,0,1,0,1,0,"4,681"
,,Pepperell,0,1,0,0,0,0,0,1,0,0,"12,146"
,,Pittsfield,0,0,1,0,0,0,0,0,1,0,"42,268"
,,Provincetown,4,0,1,0,0,0,1,2,1,1,"2,939"
,,Quincy,3,2,2,0,0,0,2,2,2,1,"94,113"
,,Randolph,1,0,0,0,0,0,0,0,0,1,"34,385"
,,Revere,1,0,0,0,0,0,0,0,0,1,"53,654"
,,Salem2,1,3,5,0,0,1,1,4,1,2,"43,443"
,,Sharon,0,1,0,0,0,0,0,1,0,0,"18,973"
,,Somerville,3,2,0,0,0,0,1,1,1,2,"81,668"
,,Spencer,1,1,0,0,0,0,0,0,2,0,"11,911"
,,Springfield2,7,0,1,1,0,0,1,2,2,3,"154,306"
,,Sturbridge,1,0,0,0,0,0,0,1,0,0,"9,611"
,,Sunderland2,1,1,0,0,0,0,0,0,1,0,"3,656"
,,Swampscott,1,1,1,0,0,0,1,0,1,1,"15,296"
,,Tewksbury,0,0,1,0,0,0,0,1,0,0,"31,424"
,,Tisbury,0,0,1,0,0,0,0,1,0,0,"4,116"
,,Waltham,2,0,0,0,0,0,0,1,1,0,"62,737"
,,Webster2,0,0,1,0,0,1,0,0,1,0,"16,925"
,,Wilbraham2,1,1,0,0,0,0,0,0,1,0,"14,730"
,,Winchester,1,0,2,0,0,0,1,0,0,2,"22,850"
,,Winthrop,0,1,0,0,0,0,0,1,0,0,"18,692"
,,Worcester,4,2,4,0,0,0,1,5,1,3,"184,945"
,Universities and Colleges,,10,13,5,0,0,0,,,,,
,,Boston University,1,0,1,0,0,0,0,0,0,2,"41,418"
,,Fitchburg State University,0,0,1,0,0,0,0,0,0,1,"11,496"
,,Framingham State University,1,0,0,0,0,0,1,,0,0,"9,007"
,,Harvard University,2,1,0,0,0,0,0,0,3,0,"40,803"
,,Massachusetts College of Liberal Arts,0,1,0,0,0,0,0,1,0,0,"2,157"
,,Massasoit Community College,0,1,0,0,0,0,0,1,0,0,"10,323"
,,Northeastern University,3,1,0,0,0,0,3,0,0,1,"27,795"
,,Salem State University,0,0,1,0,0,0,1,0,0,0,"10,556"
,,Smith College,0,1,0,0,0,0,0,0,0,1,"3,259"
,,"Tufts University, Medford",0,1,1,0,0,0,0,0,1,1,"12,492"
,,Westfield State University,1,0,0,0,0,0,0,0,1,0,"7,598"
,,Wheaton College,1,6,1,0,0,0,1,0,0,7,"1,715"
,,Worcester Polytechnic Institute2,1,1,0,0,0,0,0,0,1,0,"7,338"
,Other Agencies,,1,0,1,0,0,0,,,,,
,,Massachusetts Bay Transportation Authority:  ,,,,,,,,,,,
,,Middlesex County,0,0,1,0,0,0,1,,,,
,,Norfolk County,1,0,0,0,0,0,1,,,,
Michigan,Total,,313,51,44,9,15,2,,,,,
,Cities,,208,33,35,9,12,0,,,,,
,,Adrian,2,0,0,0,0,0,0,0,1,1,"20,334"
,,Albion,2,0,0,1,0,0,1,1,0,1,"8,462"
,,Allen Park,1,0,0,0,0,0,1,0,0,0,"26,945"
,,Almont,1,0,0,0,0,0,0,0,0,1,"2,814"
,,Ann Arbor,3,0,0,0,0,0,0,0,3,0,"122,893"
,,Auburn Hills,1,0,0,0,0,0,0,0,0,1,"24,393"
,,Baroda-Lake Township,0,1,0,0,0,0,1,0,0,0,"3,859"
,,Bay City,0,1,0,0,0,0,0,1,0,0,"32,793"
,,Benton Harbor,0,1,0,0,0,0,0,0,0,1,"9,801"
,,Benton Township,1,0,0,0,0,0,0,1,0,0,"14,372"
,,Berkley,1,0,0,0,0,0,0,1,0,0,"15,482"
,,Bloomfield Township,1,0,0,0,0,0,0,1,0,0,"42,326"
,,Bridgeport Township,1,0,0,0,0,0,0,0,0,1,"9,778"
,,Buchanan,0,0,0,1,1,0,0,0,1,1,"4,274"
,,Burton,5,0,0,0,0,0,0,1,3,1,"28,496"
,,Cadillac,3,0,0,0,0,0,0,2,0,1,"10,466"
,,Cambridge Township,1,0,0,0,0,0,0,0,0,1,"5,657"
,,Canton Township,4,1,0,0,0,0,2,2,0,1,"93,406"
,,Capac,1,0,1,0,0,0,0,0,0,2,"1,822"
,,Caro,1,0,0,0,0,0,1,0,0,0,"3,969"
,,Carrollton Township,0,0,1,0,0,0,1,0,0,0,"5,626"
,,Cassopolis,2,0,0,0,1,0,0,0,3,0,"1,695"
,,Clinton Township,1,1,0,0,0,0,0,0,1,1,"101,308"
,,Coloma Township,1,0,0,0,0,0,0,1,0,0,"6,362"
,,Crystal Falls,4,0,0,0,0,0,1,3,0,0,"1,359"
,,Dearborn,1,3,0,0,0,0,2,0,1,1,"93,902"
,,Dearborn Heights,2,1,0,0,0,0,0,1,2,0,"55,368"
,,Detroit,30,1,18,2,1,0,8,16,16,12,"663,502"
,,DeWitt Township,1,0,0,0,0,0,1,0,0,0,"15,613"
,,East Grand Rapids,2,0,0,0,0,0,0,2,0,0,"12,040"
,,East Lansing,0,2,0,0,0,0,0,2,0,0,"47,913"
,,Eastpointe,0,0,1,0,0,0,0,0,0,1,"32,340"
,,Ecorse,1,0,0,0,0,0,0,1,0,0,"9,601"
,,Escanaba,1,0,0,0,0,0,0,1,0,0,"12,129"
,,Farmington,0,2,0,0,0,0,1,1,0,0,"10,587"
,,Ferndale,1,0,1,0,0,0,0,2,0,0,"20,097"
,,Flint,2,0,0,0,0,0,0,2,0,0,"95,212"
,,Flushing,1,0,0,0,0,0,0,1,0,0,"7,860"
,,Fowlerville,0,0,0,0,3,0,1,1,0,1,"2,869"
,,Frankenmuth,2,0,0,0,0,0,0,1,0,1,"5,458"
,,Fraser,2,0,0,0,0,0,1,0,0,1,"14,578"
,,Fremont,1,0,0,0,0,0,0,1,0,0,"4,103"
,,Garden City,2,0,0,0,0,0,0,0,1,1,"26,420"
,,Genesee Township,1,0,0,0,0,0,0,0,1,0,"20,410"
,,Grand Blanc Township,1,0,0,0,0,0,0,0,0,1,"36,523"
,,Grand Haven,1,2,0,0,0,0,0,2,1,0,"11,155"
,,Grand Rapids,5,0,0,0,0,0,0,0,2,3,"201,799"
,,Grandville,3,0,0,1,0,0,0,0,2,2,"16,021"
,,Grosse Pointe Park,1,0,0,0,0,0,0,0,0,1,"11,041"
,,Grosse Pointe Woods,1,0,0,0,0,0,1,0,0,0,"15,350"
,,Hartford,1,0,0,0,0,0,0,0,0,1,"2,589"
,,Hazel Park,0,1,0,0,0,0,0,0,1,0,"16,478"
,,Highland Park,11,0,1,0,4,0,1,10,4,1,"10,703"
,,Holly,1,0,0,0,0,0,0,1,0,0,"6,185"
,,Huron Township,2,0,0,0,0,0,0,0,2,0,"16,089"
,,Imlay City,1,0,0,0,0,0,1,0,0,0,"3,575"
,,Inkster,1,0,0,0,0,0,1,0,0,0,"24,268"
,,Jackson,0,0,1,0,0,0,0,0,1,0,"32,503"
,,Jonesville,0,0,0,1,0,0,0,0,1,0,"2,204"
,,Kalamazoo,3,0,0,0,0,0,1,0,2,0,"76,827"
,,Lansing,4,0,1,0,0,0,1,1,2,1,"118,953"
,,Lincoln Park,1,0,0,0,0,0,0,1,0,0,"36,336"
,,Lincoln Township,0,1,0,0,0,0,0,0,0,1,"14,615"
,,Livonia,2,0,0,0,0,0,0,0,1,1,"93,644"
,,Lowell,1,0,0,0,0,0,0,1,0,0,"4,198"
,,Madison Heights,2,1,0,0,0,0,0,2,0,1,"30,081"
,,Manistee,0,1,0,0,0,0,0,0,0,1,"6,103"
,,Marquette,0,3,0,0,0,0,0,0,1,2,"20,599"
,,Melvindale,2,0,0,0,0,0,1,0,0,1,"10,264"
,,Menominee,1,0,0,0,0,0,0,0,1,0,"8,052"
,,Meridian Township,3,0,0,0,0,0,0,0,1,2,"43,790"
,,Metro Police Authority of Genesee County,1,0,0,0,0,0,0,1,0,0,"19,931"
,,Midland,2,0,0,0,0,0,1,0,0,1,"41,791"
,,Milford,1,0,1,0,0,0,0,1,1,0,"16,984"
,,Morenci,1,0,0,0,0,0,1,0,0,0,"2,146"
,,Mount Pleasant,1,0,1,0,0,0,0,1,1,0,"25,315"
,,Muskegon Heights,0,0,1,0,0,0,0,1,0,0,"10,717"
,,Muskegon Township,1,0,0,0,0,0,0,0,1,0,"17,937"
,,Newaygo,1,0,0,0,0,0,0,0,0,1,"2,068"
,,Northville Township,2,0,0,0,0,0,0,0,0,2,"29,170"
,,Norton Shores,1,0,0,0,0,0,0,0,1,0,"24,702"
,,Ontwa Township-Edwardsburg,1,0,0,0,0,0,0,1,0,0,"6,553"
,,Orion Township,1,0,0,0,0,0,0,0,0,1,"36,878"
,,Owosso,0,1,0,0,0,0,1,0,0,0,"14,399"
,,Pittsfield Township,1,1,0,0,0,0,2,0,0,0,"39,417"
,,Pontiac,1,0,0,0,0,0,0,0,1,0,"59,791"
,,Port Huron,1,0,0,0,0,0,0,0,1,0,"28,783"
,,Portage,1,0,0,0,0,0,0,0,1,0,"49,583"
,,Redford Township,1,0,0,0,0,0,0,0,1,0,"46,742"
,,Rochester,0,0,1,0,0,0,0,0,0,1,"13,429"
,,Romeo,1,0,0,0,0,0,0,0,1,0,"3,608"
,,Romulus,1,0,0,0,0,0,0,0,0,1,"23,507"
,,Roseville,2,0,1,0,0,0,0,1,2,0,"47,381"
,,Royal Oak,1,1,0,0,0,0,1,0,0,1,"59,742"
,,Saginaw Township,1,0,0,0,0,0,0,0,1,0,"39,022"
,,Saline,2,0,0,0,0,0,1,0,1,0,"9,431"
,,Shelby Township,1,0,0,0,0,0,1,0,0,0,"80,806"
,,South Haven,2,0,1,0,1,0,1,0,3,0,"4,326"
,,Southfield,2,1,1,0,0,0,1,1,0,2,"73,335"
,,Southgate,1,0,0,0,0,0,0,1,0,0,"28,979"
,,St. Johns,0,0,1,0,0,0,0,1,0,0,"7,938"
,,St. Joseph,0,0,1,1,0,0,0,0,1,1,"8,355"
,,Sterling Heights,2,0,0,0,0,0,0,0,0,2,"133,377"
,,Sylvan Lake,2,0,0,0,0,0,0,2,0,0,"1,864"
,,Taylor,1,1,0,0,0,0,0,1,1,0,"60,923"
,,Tecumseh,2,0,0,0,0,0,2,0,0,0,"8,382"
,,Thomas Township,1,0,0,0,0,0,1,0,0,0,"11,438"
,,Three Oaks,0,0,0,1,0,0,0,0,1,0,"1,549"
,,Tittabawassee Township,1,0,0,0,0,0,0,1,0,0,"9,863"
,,Traverse City,2,1,0,0,0,0,0,0,0,3,"15,772"
,,Troy,2,0,0,0,0,0,0,0,1,1,"84,688"
,,Utica,0,1,0,0,1,0,0,1,1,0,"5,195"
,,Van Buren Township,4,0,0,0,0,0,1,1,1,1,"28,294"
,,Warren,5,0,1,0,0,0,1,2,2,1,"134,653"
,,Waterford Township,3,1,0,0,0,0,1,0,1,2,"73,105"
,,West Bloomfield Township,5,2,0,0,0,0,0,2,2,3,"66,067"
,,White Lake Township,1,0,0,0,0,0,0,0,1,0,"31,556"
,,Wixom,1,0,0,0,0,0,0,0,1,0,"14,074"
,,Wyoming,7,0,0,1,0,0,1,2,3,2,"76,295"
,,Ypsilanti,2,0,0,0,0,0,0,0,1,1,"21,178"
,Universities and Colleges,,7,1,3,0,0,2,,,,,
,,Eastern Michigan University,0,0,1,0,0,1,1,1,0,0,"23,715"
,,Oakland University,0,0,0,0,0,1,0,0,1,0,"22,694"
,,University of Michigan:  ,,,,,,,,,,,
,,Ann Arbor ,6,1,1,0,0,0,2,1,3,2,"47,543"
,,Flint,0,0,1,0,0,0,0,0,1,0,"9,138"
,,Washtenaw Community College,1,0,0,0,0,0,0,1,0,0,"21,041"
,Metropolitan Counties,,30,5,2,0,1,0,,,,,
,,Bay,1,0,0,0,0,0,0,0,1,0,
,,Berrien,0,2,0,0,0,0,0,0,0,2,
,,Calhoun,1,0,0,0,0,0,0,0,0,1,
,,Eaton,3,0,0,0,0,0,1,2,0,0,
,,Genesee,3,1,0,0,0,0,0,3,0,1,
,,Ingham,1,0,0,0,0,0,0,0,1,0,
,,Ionia,6,0,0,0,0,0,1,1,2,2,
,,Jackson,0,0,1,0,0,0,0,0,1,0,
,,Kalamazoo,4,0,0,0,0,0,0,1,2,1,
,,Kent,1,0,0,0,0,0,0,0,0,1,
,,Lapeer,1,0,0,0,0,0,0,0,0,1,
,,Livingston,2,0,0,0,0,0,1,0,1,0,
,,Ottawa,2,1,1,0,0,0,1,2,0,1,
,,Saginaw,2,0,0,0,1,0,2,0,0,1,
,,Washtenaw,3,1,0,0,0,0,2,1,0,1,
,Nonmetropolitan Counties,,17,3,2,0,1,0,,,,,
,,Alcona,1,0,0,0,0,0,0,1,0,0,
,,Alpena,1,0,0,0,0,0,1,0,0,0,
,,Baraga,0,1,0,0,0,0,0,0,1,0,
,,Barry,1,0,1,0,0,0,1,0,0,1,
,,Benzie,2,0,0,0,0,0,1,0,1,0,
,,Hillsdale,1,0,0,0,0,0,0,1,0,0,
,,Isabella,0,0,1,0,0,0,0,0,0,1,
,,Leelanau,1,0,0,0,0,0,0,0,1,0,
,,Luce,1,0,0,0,0,0,0,0,1,0,
,,Mackinac,1,0,0,0,0,0,0,1,0,0,
,,Mason,2,0,0,0,0,0,0,2,0,0,
,,Oceana,0,1,0,0,0,0,0,0,1,0,
,,Ontonagon,0,0,0,0,1,0,0,0,1,0,
,,Van Buren,3,1,0,0,0,0,0,0,3,1,
,,Wexford,3,0,0,0,0,0,0,1,1,1,
,State Police Agencies,,50,9,2,0,1,0,,,,,
,,State Police:,,,,,,,,,,,
,,Alger County,0,1,0,0,0,0,0,0,1,0,
,,Allegan County,1,0,0,0,0,0,0,0,1,0,
,,Alpena County,4,1,0,0,0,0,0,2,0,3,
,,Calhoun County,1,0,0,0,0,0,0,1,0,0,
,,Cass County,1,0,0,0,0,0,0,1,0,0,
,,Chippewa County,1,0,0,0,0,0,0,0,0,1,
,,Grand Traverse County,2,0,0,0,0,0,1,1,0,0,
,,Gratiot County,1,0,0,0,0,0,0,1,0,0,
,,Hillsdale County,2,0,0,0,0,0,1,0,1,0,
,,Houghton County,4,2,0,0,0,0,0,1,3,2,
,,Ingham County,2,1,0,0,0,0,0,3,0,0,
,,Ionia County,1,0,0,0,0,0,1,0,0,0,
,,Iosco County,0,1,0,0,0,0,0,0,0,1,
,,Jackson County,1,1,0,0,0,0,0,1,1,0,
,,Kalamazoo County,1,0,0,0,0,0,0,0,1,0,
,,Kent County,0,1,0,0,0,0,0,0,1,0,
,,Lapeer County,1,0,0,0,0,0,0,0,1,0,
,,Livingston County,3,0,0,0,0,0,0,1,1,1,
,,Mackinac County,1,0,0,0,0,0,1,0,0,0,
,,Manistee County,1,0,0,0,0,0,0,1,0,0,
,,Mecosta County,2,0,0,0,0,0,1,0,1,0,
,,Montcalm County,2,0,0,0,0,0,0,1,1,0,
,,Muskegon County,1,0,0,0,0,0,0,1,0,0,
,,Oakland County,3,1,0,0,0,0,0,2,2,0,
,,Oceana County,2,0,0,0,0,0,1,1,0,0,
,,Ogemaw County,0,0,1,0,0,0,0,1,0,0,
,,Ontonagon County,1,0,0,0,0,0,0,0,1,0,
,,Sanilac County,1,0,0,0,0,0,0,1,0,0,
,,St. Clair County,1,0,0,0,0,0,0,1,0,0,
,,St. Joseph County,2,0,0,0,0,0,0,1,0,1,
,,Washtenaw County,2,0,1,0,1,0,0,2,0,2,
,,Wayne County,5,0,0,0,0,0,0,1,3,1,
,Other Agencies,,1,0,0,0,0,0,,,,,
,,"Huron-Clinton Metropolitan Authority, Stony Creek Metropark",1,0,0,0,0,0,0,0,1,0,
Minnesota,Total,,59,20,17,1,3,4,,,,,
,Cities,,52,17,16,0,1,3,,,,,
,,Alexandria,0,1,0,0,0,0,0,1,0,0,"13,914"
,,Coon Rapids,0,0,1,0,0,0,1,0,0,0,"62,652"
,,Cottage Grove,1,0,0,0,0,0,1,0,,,"37,534"
,,East Grand Forks,0,0,1,0,0,0,1,0,0,0,"8,597"
,,Eden Prairie,2,0,0,0,0,0,0,2,,,"64,777"
,,Edina,0,1,0,0,0,0,1,0,,,"53,076"
,,Fairmont,1,0,0,0,0,0,0,0,0,1,"10,023"
,,Faribault,0,1,0,0,0,0,0,1,,,"23,913"
,,Fergus Falls,1,0,0,0,0,0,0,0,0,1,"13,900"
,,Hastings,1,0,0,0,0,0,0,1,,,"22,774"
,,Jordan,0,0,1,0,0,0,,1,,,"6,384"
,,Mankato,9,1,3,0,0,0,2,0,7,4,"42,955"
,,Maple Grove,1,0,0,0,0,0,0,1,,,"73,170"
,,Maplewood,1,0,0,0,0,0,1,0,0,0,"41,341"
,,Minneapolis,17,5,6,0,1,3,4,7,16,5,"431,016"
,,Minnetonka,1,1,0,0,0,0,1,1,,,"54,497"
,,New Brighton,0,2,0,0,0,0,0,1,0,1,"23,058"
,,New Ulm,1,0,0,0,0,0,0,0,1,0,"13,205"
,,Plymouth,1,0,0,0,0,0,1,0,,,"80,616"
,,Red Wing,0,0,1,0,0,0,0,1,0,0,"16,408"
,,Rochester,3,1,0,0,0,0,1,2,1,0,"118,267"
,,Savage,1,0,0,0,0,0,1,0,,,"32,336"
,,St. Louis Park,2,3,0,0,0,0,0,1,3,1,"49,535"
,,St. Paul,8,1,2,0,0,0,0,11,,,"310,263"
,,Wabasha,1,0,0,0,0,0,0,0,1,0,"2,471"
,,Waseca,0,0,1,0,0,0,0,0,1,0,"8,841"
,Universities and Colleges,,0,2,0,0,2,0,,,,,
,,"University of Minnesota, Twin Cities",0,2,0,0,2,0,0,1,2,1,"64,115"
,Metropolitan Counties,,4,0,1,1,0,1,,,,,
,,Blue Earth,1,0,0,0,0,0,1,0,0,0,
,,Carver,2,0,0,0,0,0,0,0,1,1,
,,Olmsted,0,0,1,0,0,0,0,0,1,0,
,,Ramsey,1,0,0,1,0,1,0,1,0,2,
,Nonmetropolitan Counties,,2,1,0,0,0,0,,,,,
,,Hubbard,1,0,0,0,0,0,0,1,,,
,,Kandiyohi,1,0,0,0,0,0,0,1,,,
,,Lac qui Parle,0,1,0,0,0,0,0,0,0,1,
,Other Agencies,,1,0,0,0,0,0,,,,,
,,"Capitol Security, St. Paul",1,0,0,0,0,0,0,1,,0,
Mississippi,Total,,6,1,1,6,0,0,,,,,
,Cities,,2,1,1,6,0,0,,,,,
,,Byram,0,0,0,6,0,0,2,0,2,2,"11,672"
,,Hernando,0,1,0,0,0,0,0,1,0,0,"16,613"
,,Kosciusko,2,0,0,0,0,0,0,0,2,0,"6,774"
,,Ridgeland,0,0,1,0,0,0,0,1,0,0,"24,171"
,Nonmetropolitan Counties,,4,0,0,0,0,0,,,,,
,,George,4,0,0,0,0,0,0,2,0,2,
Missouri,Total,,52,13,16,1,0,1,,,,,
,Cities,,43,9,10,1,0,1,,,,,
,,Belton,1,0,2,0,0,1,0,1,1,2,"23,657"
,,Blue Springs,0,1,1,0,0,0,1,0,0,1,"55,415"
,,Boonville,1,0,0,0,0,0,0,1,0,0,"8,410"
,,Cape Girardeau,0,0,1,0,0,0,0,0,1,0,"40,077"
,,Carthage,0,1,0,0,0,0,0,0,0,1,"14,808"
,,Fulton,1,0,0,0,0,0,0,0,1,0,"12,620"
,,Gladstone,3,0,0,0,0,0,0,1,0,2,"27,553"
,,Grain Valley,2,0,0,0,0,0,1,0,1,0,"14,464"
,,Independence,3,0,0,0,0,0,0,1,0,2,"116,931"
,,Jefferson City,2,0,0,0,0,0,1,0,0,1,"42,793"
,,Kansas City,25,6,2,1,0,0,7,3,13,11,"495,964"
,,Lawson,0,0,1,0,0,0,0,0,0,1,"2,389"
,,Lee's Summit,1,0,0,0,0,0,0,0,1,0,"99,365"
,,Springfield,0,0,1,0,0,0,0,0,1,0,"169,235"
,,St. Louis,1,1,2,0,0,0,0,2,1,1,"300,521"
,,St. Peters,2,0,0,0,0,0,0,1,1,0,"57,697"
,,Sunset Hills,1,0,0,0,0,0,0,0,1,0,"8,480"
,Universities and Colleges,,2,1,1,0,0,0,,,,,
,,Missouri University of Science and Technology,0,0,1,0,0,0,0,0,1,0,"9,466"
,,Missouri Western State University,0,1,0,0,0,0,1,0,0,0,"6,302"
,,"University of Missouri, Columbia",2,0,0,0,0,0,1,0,1,0,"34,329"
,Metropolitan Counties,,3,3,4,0,0,0,,,,,
,,Greene,1,0,0,0,0,0,0,0,0,1,
,,Howard,0,0,1,0,0,0,0,0,0,1,
,,St. Charles County Police Department,2,3,1,0,0,0,0,0,3,3,
,,St. Louis County Police Department,0,0,2,0,0,0,1,1,0,0,
,Nonmetropolitan Counties,,3,0,1,0,0,0,,,,,
,,Camden,1,0,1,0,0,0,0,1,1,0,
,,Henry,1,0,0,0,0,0,0,1,0,0,
,,Johnson,1,0,0,0,0,0,0,0,0,1,
,State Police Agencies ,,1,0,0,0,0,0,,,,,
,,Missouri State Highway Patrol,1,0,0,0,0,0,0,0,1,0,
Montana,Total,,16,9,2,1,1,3,,,,,
,Cities,,9,4,2,1,0,3,,,,,
,,Billings,2,1,1,0,0,0,0,0,3,1,"110,198"
,,Bozeman,1,0,0,0,0,0,1,0,0,0,"50,152"
,,Great Falls,2,1,0,1,0,0,0,0,0,4,"58,637"
,,Helena,1,1,0,0,0,0,1,0,0,1,"32,806"
,,Kalispell,0,1,0,0,0,2,2,0,0,1,"24,473"
,,Livingston,1,0,0,0,0,0,1,0,0,0,"7,884"
,,Missoula,1,0,0,0,0,0,0,1,0,0,"75,422"
,,Polson,0,0,1,0,0,0,0,0,1,0,"5,075"
,,Whitefish,1,0,0,0,0,1,1,1,0,0,"8,079"
,Universities and Colleges,,1,1,0,0,1,0,,,,,
,,Montana State University,1,1,0,0,1,0,2,0,0,1,"18,722"
,Metropolitan Counties,,2,1,0,0,0,0,,,,,
,,Cascade,1,1,0,0,0,0,1,0,1,0,
,,Missoula,1,0,0,0,0,0,1,0,0,0,
,Nonmetropolitan Counties,,4,3,0,0,0,0,,,,,
,,Big Horn,3,0,0,0,0,0,0,2,0,1,
,,Flathead,0,1,0,0,0,0,0,0,1,0,
,,Liberty,0,1,0,0,0,0,0,1,0,,
,,Ravalli,1,1,0,0,0,0,0,0,1,1,
Nebraska,Total,,38,3,3,2,0,0,,,,,
,Cities,,24,3,3,1,0,0,,,,,
,,Broken Bow,5,0,0,0,0,0,0,0,1,4,"3,532"
,,Crete,1,0,0,0,0,0,0,0,0,1,"7,094"
,,Fremont,1,0,0,1,0,0,0,0,0,2,"26,523"
,,Gordon,1,0,0,0,0,0,0,0,1,0,"1,497"
,,Grand Island,1,0,0,0,0,0,0,0,1,0,"51,821"
,,Kearney,1,0,0,0,0,0,1,0,0,0,"34,124"
,,Lincoln,5,2,2,0,0,0,4,2,3,0,"291,128"
,,McCook,1,0,0,0,0,0,0,0,0,1,"7,533"
,,Mitchell,1,0,0,0,0,0,0,1,0,0,"1,633"
,,Norfolk,1,0,1,0,0,0,0,1,0,1,"24,698"
,,North Platte,3,0,0,0,0,0,0,0,3,0,"23,705"
,,Omaha,0,1,0,0,0,0,1,0,0,0,"470,481"
,,Schuyler,2,0,0,0,0,0,0,0,0,2,"6,396"
,,Valentine,1,0,0,0,0,0,0,0,1,0,"2,751"
,Universities and Colleges,,3,0,0,0,0,0,,,,,
,,"University of Nebraska, Lincoln",3,0,0,0,0,0,0,1,2,0,"28,642"
,Metropolitan Counties,,3,0,0,1,0,0,,,,,
,,Douglas,2,0,0,0,0,0,0,1,1,0,
,,Howard,1,0,0,0,0,0,0,0,1,0,
,,Sarpy,0,0,0,1,0,0,0,0,0,1,
,Nonmetropolitan Counties,,8,0,0,0,0,0,,,,,
,,Custer,4,0,0,0,0,0,0,0,0,4,
,,Hamilton,1,0,0,0,0,0,0,0,0,1,
,,Jefferson,1,0,0,0,0,0,0,0,0,1,
,,Keith,1,0,0,0,0,0,0,0,0,1,
,,Lincoln,1,0,0,0,0,0,0,0,0,1,
Nevada,Total,,27,10,4,1,0,2,,,,,
,Cities,,22,10,4,1,0,2,,,,,
,,Henderson,2,2,0,0,0,1,1,2,0,2,"317,732"
,,Las Vegas Metropolitan Police Department,11,5,4,1,0,1,4,7,8,3,"1,666,803"
,,North Las Vegas,6,2,0,0,0,0,2,2,2,2,"249,854"
,,Reno,3,1,0,0,0,0,1,0,3,0,"254,349"
,Other Agencies,,5,0,0,0,0,0,,,,,
,,Clark County School District,5,0,0,0,0,0,1,,1,3,
New Hampshire,Total,,8,5,3,0,0,0,,,,,
,Cities,,7,5,3,0,0,0,,,,,
,,Auburn,0,1,0,0,0,0,0,1,0,0,"5,608"
,,Concord,1,1,0,0,0,0,0,1,0,1,"43,509"
,,Conway,0,0,1,0,0,0,0,0,1,0,"10,287"
,,Hanover,1,0,0,0,0,0,1,0,0,0,"11,531"
,,Henniker,1,0,0,0,0,0,1,0,0,0,"5,009"
,,Hooksett,1,0,0,0,0,0,0,0,0,1,"14,554"
,,Jaffrey,0,1,0,0,0,0,0,1,0,,"5,278"
,,Keene,1,0,1,0,0,0,1,1,0,0,"22,999"
,,Milton,1,0,0,0,0,0,0,0,0,1,"4,652"
,,Pelham,0,1,0,0,0,0,0,1,0,0,"14,198"
,,Portsmouth,0,0,1,0,0,0,1,0,0,0,"21,951"
,,Somersworth,1,0,0,0,0,0,0,1,0,0,"11,979"
,,Tilton,0,1,0,0,0,0,0,1,0,0,"3,557"
,Universities and Colleges,,1,0,0,0,0,0,,,,,
,,University of New Hampshire,1,0,0,0,0,0,0,0,0,1,"16,859"
New Jersey,Total,,252,250,65,1,5,8,,,,,
,Cities,,224,228,56,1,5,6,,,,,
,,Aberdeen Township,3,3,0,0,0,0,1,3,0,2,"18,700"
,,Barnegat Township,2,0,0,0,0,0,1,0,0,1,"23,399"
,,Barrington,0,0,1,0,0,0,0,1,0,0,"6,620"
,,Bayonne2,2,4,1,0,0,0,0,0,4,0,"65,032"
,,Bedminster Township,1,0,0,0,0,0,1,0,0,0,"8,043"
,,Berkeley Heights Township2,2,1,0,0,0,0,0,0,1,1,"13,592"
,,Berkeley Township2,2,1,0,0,0,0,1,1,0,0,"41,738"
,,Berlin2,1,1,0,0,0,0,0,0,1,0,"7,510"
,,Blairstown Township,1,1,0,0,0,0,0,0,0,2,"5,703"
,,Bogota,0,0,1,0,0,0,1,0,0,0,"8,403"
,,Boonton2,1,1,0,0,0,0,0,0,1,0,"8,157"
,,Bordentown Township,1,0,0,0,0,0,0,0,1,0,"12,018"
,,Brick Township,1,1,0,0,0,0,1,1,0,0,"75,592"
,,Bridgeton,3,0,1,0,0,0,3,1,0,0,"24,331"
,,Bridgewater Township,1,2,1,0,0,0,0,2,0,2,"44,610"
,,Brigantine,1,0,1,0,0,0,0,0,0,2,"8,684"
,,Burlington Township,1,0,0,0,0,0,0,0,1,0,"22,516"
,,Camden County Police Department,3,0,1,0,0,0,3,0,0,1,"73,270"
,,Cape May,1,0,0,0,0,0,1,0,0,0,"3,428"
,,Carteret2,1,1,0,0,0,0,0,0,0,1,"23,645"
,,Chatham Township,0,1,0,0,0,0,0,0,0,1,"10,219"
,,Cherry Hill Township2,2,2,1,0,0,0,1,1,1,1,"70,716"
,,Cinnaminson Township,0,2,0,0,0,0,1,0,0,1,"16,477"
,,Clifton,3,1,0,0,0,0,0,2,0,2,"85,021"
,,Clinton Township,0,1,0,0,0,0,0,0,0,1,"12,801"
,,Collingswood2,1,1,0,0,0,0,1,0,0,0,"13,850"
,,Colts Neck Township,0,1,0,0,0,0,0,1,0,0,"9,846"
,,Cranbury Township,1,0,0,0,0,0,0,1,0,0,"4,013"
,,Cranford Township2,2,1,0,0,0,0,0,1,0,1,"24,251"
,,Dover,1,0,0,0,0,0,1,0,0,0,"17,852"
,,Dumont,0,3,0,0,0,0,1,0,2,0,"17,649"
,,Dunellen,1,0,0,0,0,0,0,0,1,0,"7,244"
,,Eastampton Township,1,0,0,0,0,0,0,1,0,0,"5,938"
,,East Brunswick Township,1,2,0,0,0,0,1,1,1,0,"47,857"
,,East Windsor Township,0,2,0,0,0,0,0,0,1,1,"27,343"
,,Edgewater2,1,1,0,0,0,0,0,1,0,0,"12,821"
,,Edison Township2,2,3,0,1,0,0,1,0,2,2,"100,282"
,,Egg Harbor Township,1,1,0,0,0,0,0,1,1,0,"42,475"
,,Elizabeth2,1,1,1,0,0,0,0,1,1,0,"128,753"
,,Elmwood Park2,1,1,0,0,0,0,0,0,0,1,"20,104"
,,Emerson2,1,1,0,0,0,0,0,1,0,0,"7,640"
,,Englewood2,4,2,0,0,0,0,2,1,1,1,"28,683"
,,Evesham Township2,1,1,1,0,0,0,0,0,1,1,"44,999"
,,Ewing Township,1,1,0,0,0,0,1,0,1,0,"36,338"
,,Fair Lawn,0,6,0,0,0,0,0,0,2,4,"33,064"
,,Fairview,1,0,0,0,0,0,0,0,0,1,"14,285"
,,Fanwood2,1,1,0,0,0,0,0,0,1,0,"7,718"
,,Florham Park,2,0,0,0,0,0,0,0,1,1,"11,522"
,,Franklin,0,1,0,0,0,0,0,0,0,1,"4,699"
,,"Franklin Township, Gloucester County",1,0,0,0,0,0,0,0,0,1,"16,264"
,,Freehold Township,1,0,0,0,0,0,1,0,0,0,"34,560"
,,Garfield,1,0,0,0,0,0,0,0,0,1,"31,888"
,,Glen Rock,0,5,0,0,0,0,0,2,3,0,"11,803"
,,Gloucester City,2,0,0,0,0,0,0,1,1,0,"11,168"
,,Hackensack2,4,3,0,0,0,0,1,0,3,1,"44,505"
,,Haddon Heights,0,0,1,0,0,0,0,0,0,1,"7,515"
,,Haddon Township,1,0,0,0,0,0,1,0,0,0,"14,489"
,,"Hamilton Township, Atlantic County",1,1,0,0,0,0,1,1,0,0,"25,667"
,,"Hamilton Township, Mercer County2",3,1,1,0,0,0,0,0,1,3,"87,027"
,,Hardyston Township,0,0,1,0,0,0,0,1,0,0,"7,760"
,,Harrison,2,0,0,0,0,0,0,1,1,0,"18,374"
,,Harrison Township2,1,0,1,0,0,0,0,0,1,0,"13,125"
,,Hawthorne,1,0,0,0,0,0,0,0,0,1,"18,699"
,,Hazlet Township,0,1,0,0,0,1,0,2,0,0,"19,739"
,,Highland Park,1,0,1,0,0,0,0,0,0,2,"13,791"
,,Hightstown,0,0,1,0,0,0,0,0,0,1,"5,264"
,,Hillsborough Township,0,0,1,0,0,0,0,0,1,0,"39,813"
,,Hillsdale2,4,2,1,0,0,0,2,1,0,2,"10,382"
,,Hoboken2,3,2,0,0,0,0,1,1,2,0,"53,641"
,,Holmdel Township,3,2,0,0,0,0,3,1,1,0,"16,648"
,,Hopewell Township,1,0,0,0,0,0,0,0,0,1,"17,854"
,,Howell Township2,4,6,1,0,0,0,0,3,1,3,"52,242"
,,Jackson Township,0,2,0,0,0,0,0,1,1,0,"57,380"
,,Jefferson Township2,1,3,0,0,0,0,0,1,0,2,"20,877"
,,Jersey City2,4,4,1,0,1,0,0,3,2,2,"266,508"
,,Keansburg,1,1,0,0,0,0,0,0,0,2,"9,674"
,,Lacey Township,0,1,0,0,0,0,0,1,0,0,"29,247"
,,Lakewood Township,1,24,0,0,0,0,3,15,3,4,"105,403"
,,"Lawrence Township, Mercer County2",3,1,0,0,0,0,0,1,1,1,"32,415"
,,Linden,1,0,0,0,0,0,0,0,1,0,"42,592"
,,Lindenwold,1,0,0,0,0,0,0,0,0,1,"17,197"
,,Livingston Township2,2,2,0,0,0,0,1,2,0,0,"29,998"
,,Lodi,1,0,0,0,0,0,1,0,0,0,"24,488"
,,Long Beach Township,0,1,0,0,0,0,0,0,1,0,"3,060"
,,Long Branch2,3,2,3,0,0,1,0,2,2,0,"30,352"
,,Lower Township,1,0,0,0,0,0,0,0,1,0,"21,325"
,,Madison,1,0,0,0,0,0,1,0,0,0,"16,533"
,,Mahwah Township,1,0,0,0,0,0,0,0,0,1,"26,317"
,,Manalapan Township,1,1,0,0,0,0,1,0,1,0,"39,662"
,,Manchester Township2,6,1,0,0,0,0,2,2,2,0,"43,369"
,,Maple Shade Township,1,0,0,0,0,0,0,1,0,0,"18,451"
,,Marlboro Township2,1,3,2,0,1,0,1,4,0,0,"39,850"
,,Maywood,1,0,0,0,0,0,0,0,1,0,"9,667"
,,Medford Township,1,0,0,0,0,0,0,0,0,1,"23,393"
,,Mendham,0,1,0,0,0,0,0,0,0,1,"4,876"
,,Metuchen2,1,1,1,0,0,0,0,0,0,1,"14,423"
,,Middlesex Borough,1,0,0,0,0,0,1,0,0,0,"13,659"
,,Middle Township,1,0,0,0,0,0,1,0,0,0,"18,225"
,,Middletown Township2,2,1,1,0,0,0,0,0,1,2,"65,361"
,,Midland Park,0,1,0,0,0,0,0,0,0,1,"7,246"
,,Millville,2,0,0,0,0,0,0,1,0,1,"27,528"
,,Montclair2,2,4,0,0,0,0,2,0,0,3,"38,625"
,,Montvale,0,1,0,0,0,0,1,0,0,0,"8,657"
,,Moorestown Township,0,1,0,0,0,0,0,1,0,0,"20,307"
,,Morristown,0,1,0,0,0,0,1,0,0,0,"19,153"
,,Morris Township,1,0,0,0,0,0,0,0,1,0,"22,080"
,,Mountain Lakes,0,1,0,0,0,0,1,0,0,0,"4,269"
,,Mountainside,0,1,0,0,0,0,0,0,0,1,"6,888"
,,Mount Holly Township,0,0,1,0,0,0,0,0,0,1,"9,568"
,,Mount Laurel Township,1,0,0,0,0,0,1,0,0,0,"41,109"
,,Mount Olive Township2,2,1,1,0,0,0,0,0,2,0,"29,025"
,,Neptune Township,1,4,0,0,0,0,1,0,0,4,"27,549"
,,Newark2,1,1,0,0,0,0,0,0,0,1,"281,422"
,,New Brunswick2,0,0,1,0,0,1,0,1,0,0,"55,995"
,,New Milford,1,0,0,0,0,0,0,0,1,0,"16,506"
,,Newton,1,1,0,0,0,0,0,0,0,2,"7,916"
,,North Arlington,0,1,0,0,0,0,1,0,0,0,"15,710"
,,North Bergen Township2,3,1,1,0,1,0,1,1,1,0,"61,447"
,,North Caldwell,0,1,0,0,0,0,1,0,0,0,"6,645"
,,Norwood,1,0,0,0,0,0,0,0,0,1,"5,816"
,,Oakland,1,1,1,0,0,0,0,0,2,1,"12,992"
,,Oceanport,1,0,0,0,0,0,1,0,0,0,"5,739"
,,"Ocean Township, Monmouth County",0,1,0,0,0,0,1,0,0,0,"26,638"
,,Old Bridge Township,0,1,0,0,0,0,0,0,1,0,"65,659"
,,Oradell2,2,0,1,0,0,0,1,0,0,1,"8,181"
,,Paramus2,1,2,0,0,0,0,0,2,0,0,"26,460"
,,Parsippany-Troy Hills Township2,3,1,1,0,0,0,1,2,0,1,"51,907"
,,Passaic2,2,3,1,0,1,0,0,3,3,0,"69,639"
,,Paterson,0,1,0,0,0,0,0,0,0,1,"144,866"
,,Pequannock Township,0,1,0,0,0,0,1,0,0,0,"15,045"
,,Phillipsburg,2,0,0,0,0,0,0,1,1,0,"14,228"
,,Piscataway Township,2,1,1,0,0,0,0,4,0,0,"56,783"
,,Pitman,1,0,0,0,0,0,0,0,1,0,"8,709"
,,Plainfield,1,0,0,0,0,0,0,0,1,0,"50,576"
,,Pleasantville,0,1,1,0,0,0,0,2,0,0,"20,388"
,,Plumsted Township,0,1,0,0,0,0,0,0,0,1,"8,545"
,,Point Pleasant,1,0,0,0,0,0,0,0,0,1,"18,684"
,,Princeton,0,0,1,0,0,0,1,0,0,0,"31,610"
,,Rahway2,1,1,0,0,0,0,0,0,0,1,"30,072"
,,Ramsey2,1,1,1,0,0,0,0,2,0,0,"14,978"
,,Randolph Township,1,2,0,0,0,0,0,1,0,2,"25,490"
,,Raritan Township2,1,1,0,0,0,0,0,0,0,1,"22,220"
,,Ridgefield Park,1,1,1,0,0,0,0,2,1,0,"12,983"
,,Ridgewood2,3,6,0,0,0,0,3,1,2,1,"25,192"
,,Riverdale,0,1,0,0,0,0,0,0,1,0,"4,255"
,,River Edge2,1,1,1,0,0,0,0,0,0,1,"11,500"
,,Riverside Township,1,0,1,0,0,0,1,1,0,0,"7,806"
,,Riverton,1,0,0,0,0,0,0,0,0,1,"2,675"
,,Rockaway Township2,2,4,0,0,0,0,0,2,0,2,"25,756"
,,Roselle,0,0,1,0,0,0,0,0,0,1,"21,903"
,,Roselle Park,1,0,0,0,0,0,0,1,0,0,"13,630"
,,Roxbury Township,0,3,0,0,0,0,1,0,0,2,"22,755"
,,Runnemede2,1,2,0,0,0,0,1,1,0,0,"8,262"
,,Rutherford,1,0,0,0,0,0,1,0,0,0,"18,423"
,,Secaucus2,1,1,0,0,0,0,1,0,0,0,"21,217"
,,South Brunswick Township2,1,1,0,0,0,0,0,0,0,1,"46,038"
,,South Orange Village,1,1,0,0,0,0,2,0,0,0,"16,740"
,,South Plainfield,1,2,0,0,0,0,0,1,2,0,"24,114"
,,South River,1,0,0,0,0,0,0,0,1,0,"15,945"
,,Sparta Township2,1,1,0,0,0,0,0,0,0,1,"18,532"
,,Spotswood,0,1,0,0,0,0,0,0,1,0,"8,276"
,,"Springfield Township, Union County",0,1,0,0,0,0,0,0,0,1,"17,661"
,,Stratford,0,0,1,0,0,0,0,1,0,0,"6,926"
,,Summit,0,2,0,0,0,0,0,1,0,1,"21,980"
,,Teaneck Township2,1,4,0,0,0,0,0,3,0,1,"40,533"
,,Tenafly,0,1,0,0,0,0,0,1,0,0,"14,586"
,,Tewksbury Township2,1,1,0,0,0,0,0,0,1,0,"5,765"
,,Tinton Falls,1,1,0,0,0,0,1,1,0,0,"17,506"
,,Toms River Township,0,2,0,0,0,0,1,1,0,0,"93,836"
,,Trenton2,0,1,2,0,0,0,0,0,0,2,"83,457"
,,Union City2,2,2,0,0,0,0,1,1,0,1,"68,459"
,,Union Township,0,2,0,0,0,0,0,2,0,0,"58,736"
,,Ventnor City,0,0,1,0,0,0,0,0,0,1,"9,966"
,,Verona2,1,2,0,0,0,0,1,0,1,0,"13,355"
,,Vineland,3,0,0,0,0,1,0,2,1,1,"59,860"
,,Voorhees Township,3,5,0,0,0,0,1,0,3,4,"29,099"
,,"Washington Township, Bergen County",0,0,1,0,0,0,1,0,0,0,"9,219"
,,"Washington Township, Gloucester County",4,0,0,0,0,0,0,2,1,1,"47,126"
,,Wayne Township2,3,5,3,0,1,1,0,2,3,2,"53,279"
,,Weehawken Township2,1,0,2,0,0,0,0,0,0,2,"15,115"
,,Westampton Township,1,1,0,0,0,0,0,1,1,0,"8,666"
,,West Caldwell Township,1,0,0,0,0,0,0,1,0,0,"10,840"
,,Westfield2,5,5,0,0,0,0,1,2,1,3,"29,688"
,,West Milford Township,1,0,1,0,0,0,0,1,1,0,"26,287"
,,Westwood,2,0,0,0,0,0,0,1,0,1,"11,129"
,,Wildwood,1,0,0,0,0,0,1,0,0,0,"4,959"
,,Willingboro Township2,3,1,1,0,0,1,0,0,1,2,"31,920"
,,Winslow Township,1,0,0,0,0,0,0,0,0,1,"38,390"
,,Woodbridge Township,2,1,0,0,0,0,0,0,2,1,"100,125"
,,Woodbury,1,0,0,0,0,0,0,1,0,0,"9,768"
,,Woodland Park,1,0,0,0,0,0,0,1,0,0,"12,657"
,,Wyckoff Township2,1,2,1,0,0,0,0,0,1,1,"17,030"
,Universities and Colleges,,13,9,3,0,0,0,,,,,
,,Monmouth University,0,1,0,0,0,0,1,0,0,0,"6,936"
,,Montclair State University2,1,1,0,0,0,0,1,,0,0,"24,022"
,,Princeton University2,2,2,0,0,0,0,1,0,1,1,"8,593"
,,Rutgers University:,,,,,,,,,,,
,,Camden2,1,1,0,0,0,0,0,1,,,"7,904"
,,Newark,1,1,0,0,0,0,1,0,0,1,"15,220"
,,New Brunswick2,7,2,3,0,0,0,2,5,1,2,"55,698"
,,The College of New Jersey2,1,1,0,0,0,0,1,0,0,0,"8,630"
,Metropolitan Counties,,4,1,1,0,0,0,,,,,
,,Bergen,1,0,0,0,0,0,0,1,0,0,
,,Essex2,2,1,1,0,0,0,0,2,1,0,
,,Hudson,1,0,0,0,0,0,0,0,0,1,
,State Police Agencies,,5,4,4,0,0,2,,,,,
,,New Jersey State Police2,5,4,4,0,0,2,1,1,3,4,
,Other Agencies,,6,8,1,0,0,0,,,,,
,,New Jersey Transit Police2,4,3,0,0,0,0,1,3,1,0,
,,Park Police:,,,,,,,,,,,
,,Morris County,1,0,0,0,0,0,0,0,0,1,
,,Union County,0,1,0,0,0,0,0,0,1,0,
,,"Prosecutor, Cape May County2 ",1,1,1,0,0,0,,1,,,
,,State Park Police,0,3,0,0,0,0,1,0,2,0,
New Mexico,Total, ,30,8,8,1,0,3,,,,,
,Cities,,28,8,8,1,0,3,,,,,
,,Albuquerque,25,7,6,1,0,0,7,9,17,6,"561,920"
,,Belen,2,0,0,0,0,0,,1,1,,"7,094"
,,Farmington,0,1,0,0,0,0,,1,,,"44,633"
,,Las Cruces,1,0,2,0,0,0,0,0,2,1,"103,520"
,,Sunland Park,0,0,0,0,0,3,1,0,1,1,"18,103"
,Metropolitan Counties,,2,0,0,0,0,0,,,,,
,,Dona Ana,2,0,0,0,0,0,0,0,1,1,
New York,Total,,164,357,73,1,0,16,,,,,
,Cities,,125,297,60,1,0,13,,,,,
,,Albany,5,1,3,0,0,0,4,1,3,1,"97,221"
,,Amherst Town,0,1,0,0,0,0,0,0,1,0,"120,864"
,,Bedford Town,0,1,0,0,0,0,0,0,0,1,"17,791"
,,Brighton Town,2,1,0,0,0,0,0,1,1,1,"36,036"
,,Buffalo,5,0,0,0,0,0,3,1,1,0,"255,686"
,,Canandaigua,0,1,0,0,0,0,0,0,1,0,"10,217"
,,Clarkstown Town,0,2,0,0,0,0,1,0,1,0,"80,599"
,,Cobleskill Village,0,0,1,0,0,0,0,0,1,0,"4,329"
,,Colonie Town,1,0,0,0,0,0,0,1,0,0,"79,509"
,,Cortland,1,1,0,0,0,0,0,0,1,1,"18,655"
,,Freeport Village,1,0,0,0,0,0,0,1,0,0,"43,064"
,,Geneva,0,3,0,0,0,0,0,0,3,0,"12,708"
,,Glen Cove,0,1,0,0,0,0,0,0,0,1,"27,228"
,,Greece Town,0,1,0,0,0,0,0,1,,,"95,777"
,,Hastings-on-Hudson Village,0,1,0,0,0,0,0,1,0,0,"7,916"
,,Lloyd Harbor Village,0,1,0,0,0,0,0,0,1,0,"3,667"
,,Middletown,1,0,0,0,0,0,0,1,0,0,"27,801"
,,Mount Vernon,1,1,0,0,0,0,1,1,0,0,"67,619"
,,New Castle Town,1,0,0,0,0,0,0,1,0,0,"17,896"
,,New York,90,266,53,1,0,13,115,97,94,117,"8,379,043"
,,Newburgh,1,0,1,0,0,0,0,1,1,0,"28,070"
,,Pelham Village,0,1,0,0,0,0,0,0,1,0,"6,911"
,,Port Washington,0,1,0,0,0,0,0,0,1,0,"19,396"
,,Poughkeepsie,2,0,0,0,0,0,0,2,0,0,"30,422"
,,Poughkeepsie Town,1,0,0,0,0,0,0,0,1,0,"38,889"
,,Ramapo Town,0,2,0,0,0,0,0,0,1,1,"94,633"
,,Rochester,3,1,1,0,0,0,2,1,1,1,"205,769"
,,Rockville Centre Village,0,1,0,0,0,0,0,0,0,1,"24,669"
,,Scarsdale Village,0,2,0,0,0,0,0,0,2,0,"17,954"
,,Southampton Town,0,3,0,0,0,0,1,0,0,2,"51,090"
,,Syracuse,0,1,0,0,0,0,1,0,0,0,"142,438"
,,Tonawanda,1,0,0,0,0,0,0,1,0,0,"14,754"
,,Utica,2,1,0,0,0,0,1,1,1,0,"59,842"
,,White Plains,2,0,0,0,0,0,2,0,0,,"58,259"
,,Yonkers,4,2,1,0,0,0,3,2,0,2,"200,075"
,,Yorktown Town,1,0,0,0,0,0,1,0,0,0,"36,426"
,Universities and Colleges,,6,0,0,0,0,0,,,,,
,,State University of New York Police:  ,,,,,,,,,,,
,,Buffalo,1,0,0,0,0,0,0,0,0,1,"34,183"
,,New Paltz,1,0,0,0,0,0,0,0,1,0,"9,669"
,,Plattsburgh,2,0,0,0,0,0,0,0,1,1,"6,558"
,,Stony Brook,2,0,0,0,0,0,1,1,0,0,"30,012"
,Metropolitan Counties,,14,27,8,0,0,1,,,,,
,,Dutchess,1,0,4,0,0,0,3,0,1,1,
,,Madison,0,0,0,0,0,1,0,0,1,0,
,,Nassau,6,22,1,0,0,0,4,11,8,6,
,,Suffolk County Police Department,7,4,3,0,0,0,3,6,4,1,
,,Westchester Public Safety,0,1,0,0,0,0,0,0,0,1,
,State Police Agencies,,9,18,3,0,0,2,,,,,
,,State Police:,,,,,,,,,,,
,,Albany County,0,2,0,0,0,0,0,0,0,2,
,,Cattaraugus County,1,0,0,0,0,0,0,0,1,0,
,,Clinton County,0,1,0,0,0,0,0,1,0,0,
,,Dutchess County,1,0,0,0,0,1,1,0,0,1,
,,Livingston County,0,1,0,0,0,0,0,0,1,0,
,,Montgomery County,0,1,0,0,0,0,0,0,1,0,
,,Niagara County,1,0,0,0,0,0,0,1,0,0,
,,Onondaga County,0,0,1,0,0,0,0,0,1,0,
,,Ontario County,1,0,0,0,0,0,1,0,0,0,
,,Orange County,1,6,0,0,0,0,1,5,1,,
,,Oswego County,0,1,0,0,0,0,0,0,1,0,
,,Schenectady County,1,0,0,0,0,0,0,1,0,0,
,,St. Lawrence County,2,0,0,0,0,0,0,0,1,1,
,,Sullivan County,0,3,0,0,0,0,1,0,2,0,
,,Tioga County,1,0,0,0,0,0,0,1,0,0,
,,Ulster County,0,2,0,0,0,1,1,0,1,1,
,,Wayne County,0,0,1,0,0,0,0,0,1,0,
,,Westchester County,0,1,1,0,0,0,1,0,1,,
,Other Agencies,,10,15,2,0,0,0,,,,,
,,"New York City Department of Environmental Protection Police, Eastview Precinct",1,0,0,0,0,0,1,0,0,0,
,,New York City Metropolitan Transportation Authority,9,15,2,0,0,0,5,10,7,4,
North Carolina,Total,,132,42,30,7,0,0,,,,,
,Cities,,84,31,22,1,0,0,,,,,
,,Aberdeen,0,1,0,0,0,0,0,0,0,1,"7,892"
,,Apex,1,0,0,0,0,0,1,0,0,0,"56,276"
,,Asheville,3,3,1,0,0,0,2,2,1,2,"93,641"
,,Beaufort,3,0,0,0,0,0,1,2,0,0,"4,417"
,,Biltmore Forest,0,1,0,0,0,0,1,0,0,0,"1,410"
,,Burlington,0,0,1,0,0,0,0,0,1,0,"54,108"
,,Canton,1,0,0,0,0,0,1,0,0,0,"4,349"
,,Cary,1,0,0,0,0,0,0,0,0,1,"172,525"
,,Chapel Hill,1,0,1,0,0,0,0,1,1,0,"61,457"
,,Charlotte-Mecklenburg,10,7,1,0,0,0,2,3,4,9,"944,260"
,,Clayton,2,0,0,0,0,0,1,0,1,0,"23,842"
,,Cleveland,0,1,0,0,0,0,0,0,0,1,882
,,Dallas,1,0,0,0,0,0,0,0,1,0,"4,787"
,,Dunn,0,1,0,0,0,0,0,1,0,0,"9,768"
,,Durham,3,0,0,0,0,0,0,2,1,0,"280,282"
,,Elon,1,2,0,0,0,0,1,0,1,1,"12,214"
,,Fayetteville,8,1,2,0,0,0,1,3,5,2,"209,614"
,,Greensboro,8,1,0,1,0,0,0,4,4,2,"298,025"
,,Greenville,3,0,2,0,0,0,1,1,0,3,"94,193"
,,Hickory,1,0,2,0,0,0,0,1,2,0,"41,040"
,,High Point,2,0,0,0,0,0,1,1,0,0,"113,307"
,,Hope Mills,1,0,0,0,0,0,0,1,0,0,"15,878"
,,Jacksonville,2,0,0,0,0,0,1,1,,,"72,300"
,,Kernersville,0,0,1,0,0,0,0,0,0,1,"24,980"
,,Knightdale,1,0,0,0,0,0,0,1,0,0,"18,351"
,,Leland,4,0,0,0,0,0,,3,1,0,"23,360"
,,Lenoir,1,0,0,0,0,0,0,0,1,0,"17,904"
,,Marion,1,0,0,0,0,0,0,0,0,1,"7,837"
,,Matthews2,0,2,2,0,0,0,0,1,1,1,"33,372"
,,Mebane,3,0,0,0,0,0,0,1,0,2,"16,203"
,,Mooresville,1,0,0,0,0,0,0,1,0,0,"38,967"
,,Morganton,0,1,0,0,0,0,0,1,0,0,"16,524"
,,New Bern,0,0,1,0,0,0,0,0,0,1,"30,187"
,,Newton,1,0,0,0,0,0,0,0,0,1,"13,153"
,,Pineville,0,0,1,0,0,0,1,0,0,0,"9,088"
,,Raleigh,7,2,5,0,0,0,4,3,3,4,"477,828"
,,Red Springs,0,2,0,0,0,0,0,0,0,2,"3,341"
,,Salisbury,1,0,0,0,0,0,1,0,0,0,"33,877"
,,Troutman,1,0,0,0,0,0,0,0,0,1,"2,755"
,,Wake Forest,2,0,0,0,0,0,0,0,1,1,"46,145"
,,Washington,1,0,0,0,0,0,0,0,0,1,"9,497"
,,Wilmington,7,6,2,0,0,0,2,3,7,3,"124,750"
,,Wilson,1,0,0,0,0,0,1,0,0,0,"49,344"
,Universities and Colleges,,1,0,2,0,0,0,,,,,
,,"North Carolina State University, Raleigh",0,0,1,0,0,0,1,0,0,0,"39,136"
,,University of North Carolina:,,,,,,,,,,,
,,Chapel Hill,1,0,0,0,0,0,1,0,0,0,"32,180"
,,Greensboro,0,0,1,0,0,0,,,0,1,"22,419"
,Metropolitan Counties,,32,4,6,5,0,0,,,,,
,,Alamance,4,0,0,0,0,0,1,0,1,2,
,,Buncombe,1,1,2,0,0,0,0,2,1,1,
,,Burke,3,0,0,0,0,0,1,0,1,1,
,,Cabarrus,0,1,0,0,0,0,1,0,0,0,
,,Caldwell,1,0,0,1,0,0,1,0,0,1,
,,Craven,2,0,1,0,0,0,1,1,0,1,
,,Cumberland,1,0,1,0,0,0,1,1,0,0,
,,Currituck,2,0,1,0,0,0,1,1,0,1,
,,Durham,0,0,1,0,0,0,0,1,,,
,,Forsyth,1,0,0,0,0,0,,,1,0,
,,Franklin,2,0,0,0,0,0,0,1,1,0,
,,Granville,1,1,0,0,0,0,1,0,0,1,
,,New Hanover,1,0,0,0,0,0,0,1,0,0,
,,Onslow,2,0,0,3,0,0,3,1,0,1,
,,Pamlico,1,0,0,0,0,0,1,0,0,0,
,,Person,2,0,0,0,0,0,0,0,0,2,
,,Pitt,5,0,0,0,0,0,1,3,1,0,
,,Union,2,1,0,1,0,0,2,1,1,0,
,,Wake,1,0,0,0,0,0,0,0,0,1,
,Nonmetropolitan Counties,,12,7,0,1,0,0,,,,,
,,Ashe,0,1,0,0,0,0,0,1,0,0,
,,Avery,0,2,0,0,0,0,0,1,1,0,
,,Bertie,0,1,0,0,0,0,1,0,,,
,,Carteret,1,0,0,0,0,0,0,1,0,0,
,,Caswell,4,0,0,0,0,0,0,2,2,0,
,,Dare,1,0,0,0,0,0,1,0,0,0,
,,Duplin,0,1,0,0,0,0,0,1,,,
,,Jackson,2,0,0,0,0,0,0,1,1,,
,,Macon,1,1,0,0,0,0,1,0,0,1,
,,McDowell,0,0,0,1,0,0,0,0,0,1,
,,Moore,1,0,0,0,0,0,0,0,0,1,
,,Robeson,2,0,0,0,0,0,0,0,1,1,
,,Watauga,0,1,0,0,0,0,0,0,1,0,
,Other Agencies,,3,0,0,0,0,0,,,,,
,,State Capitol Police,1,0,0,0,0,0,1,0,0,0,
,,WakeMed Campus Police,2,0,0,0,0,0,1,1,0,0,
North Dakota,Total,,14,1,3,0,0,0,,,,,
,Cities,,7,1,2,0,0,0,,,,,
,,Bowman,0,0,1,0,0,0,0,0,0,1,"1,604"
,,Fargo,1,1,0,0,0,0,0,0,1,1,"127,423"
,,Grand Forks,1,0,0,0,0,0,0,0,1,0,"57,459"
,,Mandan,2,0,0,0,0,0,1,1,0,0,"23,012"
,,Valley City,1,0,0,0,0,0,0,0,1,0,"6,351"
,,Williston,2,0,1,0,0,0,0,2,0,1,"28,966"
,Universities and Colleges, ,1,0,0,0,0,0,,,,,
,,University of North Dakota,1,0,0,0,0,0,0,1,0,0,"17,646"
,Metropolitan Counties, ,4,0,0,0,0,0,,,,,
,,Burleigh,1,0,0,0,0,0,0,0,1,0,
,,Grand Forks,3,0,0,0,0,0,1,1,1,0,
,Nonmetropolitan Counties,,2,0,1,0,0,0,,,,,
,,McLean,1,0,0,0,0,0,0,1,0,0,
,,Mountrail,1,0,0,0,0,0,0,0,1,0,
,,Sargent,0,0,1,0,0,0,0,0,1,0,
Ohio,Total,,216,30,60,55,7,23,,,,,
,Cities,,189,23,52,46,7,18,,,,,
,,Akron,1,0,0,2,0,0,2,0,1,0,"197,882"
,,Alliance,1,0,0,0,0,0,1,0,0,0,"21,536"
,,Archbold,0,0,1,0,0,0,0,0,1,0,"4,320"
,,Ashland,0,0,1,0,0,0,0,0,0,1,"20,410"
,,Barberton,1,0,0,2,0,0,1,0,2,0,"26,015"
,,"Bath Township, Summit County",0,0,0,2,0,0,0,2,0,0,"9,659"
,,Bay Village,0,0,0,1,0,0,0,0,1,0,"15,235"
,,Beachwood,1,0,0,0,0,0,1,0,0,0,"11,612"
,,Bexley,0,1,0,0,0,0,0,0,1,0,"13,956"
,,Blanchester,1,0,0,0,0,0,1,0,0,0,"4,251"
,,Blue Ash,1,0,0,0,0,0,0,0,0,1,"12,307"
,,Butler Township,0,0,0,1,0,0,1,0,0,0,"7,819"
,,Chillicothe,8,0,0,0,0,0,1,2,3,2,"21,670"
,,Cincinnati,24,1,4,3,0,0,6,9,10,7,"303,335"
,,Circleville,3,0,0,0,0,0,2,1,0,0,"14,025"
,,Cleveland,20,7,7,4,4,3,5,2,10,28,"381,829"
,,Colerain Township,2,0,0,0,0,0,0,0,2,0,"59,479"
,,Columbiana,0,0,1,0,0,0,0,1,0,0,"6,209"
,,Columbus,35,6,12,5,0,8,11,12,26,17,"906,120"
,,Copley Township,0,0,1,1,0,0,0,1,1,0,"17,309"
,,Dayton,6,0,1,0,0,0,3,2,1,1,"140,427"
,,Defiance,1,0,0,0,0,3,0,1,1,2,"16,601"
,,Delaware,1,0,1,0,0,0,1,0,1,0,"40,616"
,,Delhi Township,1,0,0,0,0,0,1,0,0,0,"29,811"
,,East Liverpool,1,0,0,0,0,0,0,1,0,0,"10,653"
,,Eaton,0,0,0,0,1,0,0,0,1,0,"8,136"
,,Elyria,3,0,1,0,0,0,0,0,2,2,"53,806"
,,Englewood,0,0,0,1,0,0,0,0,1,0,"13,478"
,,Fairfax,1,0,0,0,0,0,0,0,0,1,"1,710"
,,Franklin,1,0,0,0,0,0,1,0,0,0,"11,675"
,,Gahanna,3,0,0,0,0,0,1,1,1,0,"35,847"
,,Germantown,1,0,0,0,0,0,1,0,0,0,"5,500"
,,Grafton,0,0,0,0,1,0,0,1,0,0,"5,808"
,,Grandview Heights,0,1,0,0,0,0,0,0,1,0,"8,581"
,,Green Township,4,0,0,0,0,0,2,1,0,1,"59,273"
,,Greenville,1,0,0,0,0,0,0,1,0,0,"12,629"
,,Grove City,0,0,1,0,0,0,1,0,0,0,"42,423"
,,Hamilton,3,0,0,0,0,1,2,0,2,0,"62,155"
,,Heath,1,0,2,0,0,0,0,1,0,2,"10,933"
,,Hilliard,3,0,0,0,0,0,3,0,0,0,"37,578"
,,Huber Heights,2,1,0,2,0,0,0,1,3,1,"38,183"
,,Hudson,1,0,0,1,0,0,1,1,0,0,"22,286"
,,"Jackson Township, Stark County",2,0,0,0,0,0,0,1,1,0,"40,347"
,,Lancaster,1,0,0,0,0,0,1,0,0,0,"40,622"
,,Lebanon,0,0,0,0,0,1,1,0,0,0,"20,806"
,,Lithopolis,0,0,1,0,0,0,0,0,1,0,"1,777"
,,Lockland,1,0,0,0,0,0,0,0,0,1,"3,455"
,,Logan,0,1,0,0,0,0,0,0,0,1,"7,039"
,,Lorain,1,0,0,0,0,0,0,0,1,0,"64,022"
,,Louisville,0,0,0,1,0,0,0,1,0,0,"9,329"
,,Lyndhurst,0,0,0,1,0,0,0,1,0,0,"13,407"
,,"Madison Township, Franklin County",0,0,0,3,0,0,1,2,0,0,"19,682"
,,"Madison Township, Lake County",1,0,0,0,0,0,0,1,0,0,"15,646"
,,Mansfield,2,0,1,0,0,0,0,1,1,1,"46,418"
,,Mason,1,0,0,0,0,0,0,1,0,0,"33,939"
,,Maumee,1,0,0,0,0,0,0,1,0,0,"13,656"
,,Mayfield Heights,0,0,1,0,0,0,0,0,0,1,"18,519"
,,Mentor-on-the-Lake,1,0,0,1,0,0,1,0,1,0,"7,400"
,,"Miami Township, Montgomery County",0,0,1,0,0,0,0,0,1,0,"29,188"
,,Miamisburg,2,0,0,0,0,0,0,0,1,1,"19,913"
,,Middletown,7,1,3,3,0,0,3,3,6,2,"48,878"
,,Moraine,2,0,0,0,0,0,1,1,0,0,"6,455"
,,Mount Vernon,1,0,0,0,0,0,0,0,1,0,"16,663"
,,Napoleon,2,0,0,0,0,0,1,0,1,0,"8,188"
,,Nelsonville,1,0,0,0,0,0,0,1,0,0,"5,158"
,,New Albany,0,1,0,0,0,0,0,0,1,0,"11,332"
,,New Boston,1,0,0,0,0,0,1,0,0,0,"2,093"
,,New Franklin,0,0,0,1,0,0,0,0,1,0,"14,162"
,,New Knoxville,1,0,0,0,0,0,0,1,0,0,863
,,New Philadelphia,2,0,0,0,0,0,2,0,0,0,"17,434"
,,North Baltimore,1,0,0,0,0,0,0,1,0,0,"3,557"
,,North Canton,1,1,0,0,0,0,0,2,0,0,"17,251"
,,Norton,0,0,1,0,0,0,0,1,0,0,"12,007"
,,Norwood,0,0,0,0,0,1,0,1,0,,"19,922"
,,Orrville,1,0,0,0,0,0,0,0,1,0,"8,461"
,,Portsmouth,0,0,2,0,0,0,1,1,,,"20,353"
,,Reading,1,0,0,0,0,0,1,0,0,0,"10,995"
,,Riverside,0,0,0,1,0,0,0,0,1,0,"25,148"
,,Rocky River,0,0,0,1,0,0,1,0,0,0,"20,105"
,,Salem,0,0,0,2,0,0,1,0,1,0,"11,644"
,,Shawnee Township,1,0,0,0,0,0,0,0,1,0,"12,056"
,,Shelby,0,0,0,1,0,0,1,0,0,0,"8,997"
,,"Springfield Township, Hamilton County",2,0,0,0,0,0,0,0,2,0,"36,696"
,,Streetsboro,0,0,0,1,0,0,0,0,0,1,"16,561"
,,Toledo,2,0,2,0,0,0,2,1,0,1,"273,505"
,,Trotwood,2,0,0,0,0,1,0,0,2,1,"24,435"
,,Upper Arlington,1,1,0,0,0,0,1,1,0,0,"35,754"
,,Urbana,1,0,0,1,0,0,0,1,1,0,"11,309"
,,Van Wert,1,0,0,0,0,0,0,1,0,0,"10,662"
,,Wadsworth,0,0,2,0,0,0,1,0,1,0,"24,058"
,,Wapakoneta,1,0,0,0,0,0,0,0,1,0,"9,717"
,,Warren,1,0,0,0,0,0,0,0,1,0,"38,012"
,,Waverly,0,1,0,0,0,0,0,0,0,1,"4,253"
,,Weathersfield,0,0,0,1,0,0,0,1,0,0,"8,017"
,,West Carrollton,1,0,0,0,0,0,0,0,0,1,"12,886"
,,Whitehall,1,0,0,0,0,0,0,0,0,1,"19,121"
,,Wilmington,3,0,0,0,0,0,2,0,0,1,"12,391"
,,Wooster,1,0,0,2,0,0,0,1,1,1,"26,615"
,,Worthington,1,0,0,0,1,0,1,1,0,0,"14,875"
,,Youngstown,1,0,1,0,0,0,0,2,0,0,"64,722"
,,Zanesville,3,0,4,1,0,0,0,2,3,3,"25,346"
,Universities and Colleges,,2,1,1,0,0,0,,,,,
,,"Ohio State University, Columbus",2,1,0,0,0,0,0,0,0,3,"64,924"
,,Otterbein University,0,0,1,0,0,0,1,0,0,0,"3,258"
,Metropolitan Counties,,13,1,2,0,0,2,,,,,
,,Clermont,0,1,0,0,0,0,0,0,1,0,
,,Cuyahoga,1,0,0,0,0,0,1,0,0,,
,,Franklin,1,0,0,0,0,0,1,0,0,0,
,,Geauga,1,0,0,0,0,0,0,0,1,0,
,,Lawrence,0,0,1,0,0,0,0,1,0,0,
,,Lorain,0,0,0,0,0,1,0,0,1,0,
,,Lucas,3,0,0,0,0,0,0,0,1,2,
,,Medina,1,0,0,0,0,0,0,0,0,1,
,,Miami,1,0,0,0,0,0,0,1,0,0,
,,Montgomery,3,0,0,0,0,1,2,1,1,0,
,,Summit,1,0,1,0,0,0,1,0,1,0,
,,Union,1,0,0,0,0,0,0,1,0,0,
,Nonmetropolitan Counties,,11,5,3,8,0,1,,,,,
,,Champaign,1,0,0,2,0,0,1,0,0,2,
,,Columbiana,0,0,0,4,0,0,0,3,1,0,
,,Coshocton,1,1,0,0,0,0,0,1,0,1,
,,Defiance,0,0,1,0,0,0,0,0,1,0,
,,Hancock,0,1,0,0,0,0,0,0,0,1,
,,Hardin,0,1,0,1,0,0,2,0,0,0,
,,Highland,0,0,1,0,0,0,0,0,1,0,
,,Knox,2,1,0,0,0,0,1,0,1,1,
,,Logan,0,0,1,0,0,0,0,1,0,0,
,,Morgan,1,0,0,0,0,0,1,0,0,0,
,,Ross,2,0,0,0,0,0,1,0,1,0,
,,Tuscarawas,1,1,0,0,0,1,0,0,2,1,
,,Vinton,1,0,0,0,0,0,1,0,0,0,
,,Washington,0,0,0,1,0,0,0,0,0,1,
,,Wayne,2,0,0,0,0,0,0,0,2,0,
,State Police Agencies,,0,0,0,1,0,0,,,,,
,,Ohio State Highway Patrol,0,0,0,1,0,0,0,1,0,0,
,Other Agencies,,1,0,2,0,0,2,,,,,
,,Cleveland Metropolitan Park District,1,0,0,0,0,1,0,2,0,0,
,,Greater Cleveland Regional Transit Authority,0,0,0,0,0,1,0,1,0,0,
,,Ohio Department of Natural Resources,0,0,2,0,0,0,0,1,1,0,
Oklahoma,Total,,14,5,8,1,0,0,,,,,
,Cities,,10,3,5,0,0,0,,,,,
,,Chickasha,0,0,1,0,0,0,1,0,0,0,"16,395"
,,Collinsville,0,0,1,0,0,0,0,0,0,1,"7,271"
,,Cushing,1,0,0,0,0,0,0,1,0,0,"7,639"
,,McAlester,0,1,0,0,0,0,0,0,1,0,"17,840"
,,Noble,0,1,0,0,0,0,1,0,0,0,"6,922"
,,Norman,1,1,0,0,0,0,1,0,1,0,"125,076"
,,Oklahoma City,3,0,0,0,0,0,2,0,1,0,"657,890"
,,Pawnee,1,0,0,0,0,0,1,0,0,0,"2,107"
,,Sallisaw,1,0,0,0,0,0,0,0,1,0,"8,391"
,,Sulphur,0,0,1,0,0,0,1,0,0,0,"5,028"
,,Tulsa,1,0,2,0,0,0,1,0,2,0,"401,700"
,,West Siloam Springs,1,0,0,0,0,0,0,0,1,0,870
,,Wewoka,1,0,0,0,0,0,1,0,0,0,"3,252"
,Universities and Colleges,,0,0,1,0,0,0,,,,,
,,Northeastern Oklahoma A&M College,0,0,1,0,0,0,0,0,0,1,"2,663"
,Metropolitan Counties,,2,1,1,0,0,0,,,,,
,,Creek,0,1,0,0,0,0,0,0,1,0,
,,Logan,2,0,0,0,0,0,0,1,1,0,
,,Wagoner,0,0,1,0,0,0,0,0,0,1,
,Nonmetropolitan Counties,,2,1,1,1,0,0,,,,,
,,Craig,0,0,0,1,0,0,0,0,1,0,
,,Garvin,1,0,0,0,0,0,0,1,0,0,
,,Major,0,1,0,0,0,0,0,1,0,0,
,,Roger Mills,1,0,0,0,0,0,0,0,0,1,
,,Washita,0,0,1,0,0,0,0,1,0,0,
Oregon,Total,,116,29,27,2,2,6,,,,,
,Cities,,96,24,22,2,2,6,,,,,
,,Astoria,1,0,0,0,0,0,0,0,1,0,"10,040"
,,Baker City,1,0,0,0,0,0,1,0,0,0,"9,750"
,,Beaverton2,1,1,1,0,0,0,1,0,0,1,"100,130"
,,Bend,4,4,0,0,0,0,2,2,3,1,"100,588"
,,Canby,1,0,1,0,0,0,0,0,1,1,"17,962"
,,Central Point,1,1,0,0,0,0,1,0,0,1,"18,753"
,,Coos Bay,3,0,0,0,0,0,2,0,0,1,"16,471"
,,Corvallis,1,0,0,0,0,0,0,1,0,0,"59,196"
,,Cottage Grove,0,0,1,0,0,0,0,0,1,0,"10,437"
,,Eugene,28,10,2,0,1,1,4,13,13,12,"173,183"
,,Forest Grove,1,0,1,0,0,0,0,0,1,1,"25,063"
,,Gladstone,2,0,1,0,0,0,0,1,1,1,"12,340"
,,Gresham,1,0,0,0,0,0,0,0,1,0,"110,692"
,,Hermiston,1,1,0,0,0,0,0,1,0,1,"17,780"
,,Hillsboro2,5,0,5,0,0,1,3,2,2,2,"110,549"
,,Hood River,1,0,0,0,0,0,1,0,0,0,"7,876"
,,Klamath Falls,1,0,0,0,0,0,0,0,1,0,"22,447"
,,La Grande,0,0,1,0,0,0,1,0,0,0,"13,294"
,,Lake Oswego,1,0,0,0,0,0,0,1,0,0,"39,888"
,,Madras,1,0,0,0,0,0,0,0,0,1,"7,028"
,,McMinnville,1,0,0,0,0,0,0,0,0,1,"34,935"
,,Medford,1,0,0,0,0,0,1,0,0,0,"83,316"
,,Milwaukie,0,0,1,0,0,0,0,1,0,0,"21,075"
,,Myrtle Creek,0,1,0,0,0,0,0,0,0,1,"3,508"
,,North Bend,1,1,1,1,0,0,1,1,1,1,"9,775"
,,Ontario,1,0,0,0,0,0,0,0,0,1,"11,044"
,,Oregon City,3,0,0,0,0,0,2,0,1,0,"37,723"
,,Portland2,23,4,5,0,1,3,6,6,10,11,"662,114"
,,Redmond,1,0,0,0,0,0,0,0,0,1,"31,558"
,,Salem,1,0,0,1,0,1,0,0,0,3,"175,867"
,,Sherwood,1,0,0,0,0,0,0,0,0,1,"19,865"
,,Springfield,1,0,0,0,0,0,1,0,0,0,"63,438"
,,St. Helens,1,0,0,0,0,0,0,0,1,0,"13,900"
,,Tigard,3,1,2,0,0,0,1,3,0,2,"55,621"
,,Tualatin,2,0,0,0,0,0,0,0,1,1,"27,788"
,,West Linn,1,0,0,0,0,0,0,1,0,0,"26,962"
,Universities and Colleges,,1,2,0,0,0,0,,,,,
,,Portland State University,1,0,0,0,0,0,0,1,0,,"35,257"
,,University of Oregon,0,2,0,0,0,0,2,0,,,"25,640"
,Metropolitan Counties,,12,2,2,0,0,0,,,,,
,,Clackamas2,9,2,1,0,0,0,2,5,2,2,
,,Jackson,1,0,0,0,0,0,0,0,1,0,
,,Washington,2,0,1,0,0,0,0,0,2,1,
,Nonmetropolitan Counties,,7,1,2,0,0,0,,,,,
,,Coos,6,0,1,0,0,0,4,2,0,1,
,,Jefferson,1,0,0,0,0,0,0,0,0,1,
,,Lincoln,0,1,0,0,0,0,0,0,1,0,
,,Umatilla,0,0,1,0,0,0,1,0,0,0,
,State Police Agencies,,0,0,1,0,0,0,,,,,
,,"State Police, Marion County",0,0,1,0,0,0,1,0,0,0,
Pennsylvania,Total,,28,9,4,0,0,0,,,,,
,Cities,,22,8,4,0,0,0,,,,,
,,East Pennsboro Township,0,1,0,0,0,0,0,1,0,,"21,549"
,,Forest City,1,0,0,0,0,0,,0,1,0,"1,741"
,,Hampden Township,1,0,0,0,0,0,0,1,0,,"30,861"
,,Johnstown,2,0,0,0,0,0,,0,2,0,"20,663"
,,Kenhorst,2,0,0,0,0,0,,0,0,2,"2,888"
,,Philadelphia,7,4,1,0,0,0,1,7,2,2,"1,589,014"
,,Pittsburgh,5,2,3,0,0,0,0,3,5,2,"300,548"
,,Reading,3,0,0,0,0,0,,0,3,,"88,549"
,,Rush Township,1,0,0,0,0,0,0,1,,,"3,254"
,,Westtown-East Goshen Regional,0,1,0,0,0,0,,0,1,0,"32,366"
,Universities and Colleges,,4,0,0,0,0,0,,,,,
,,"Pennsylvania State University, University Park",2,0,0,0,0,0,0,0,2,,"50,426"
,,Shippensburg University,2,0,0,0,0,0,,0,2,0,"7,345"
,State Police Agencies,,2,1,0,0,0,0,,,,,
,,Bradford County,0,1,0,0,0,0,,0,1,0,
,,Chester County,1,0,0,0,0,0,,0,1,,
,,Venango County,1,0,0,0,0,0,,0,1,0,
Rhode Island,Total,,4,5,8,0,0,0,,,,,
,Cities,,4,5,4,0,0,0,,,,,
,,Barrington,1,0,0,0,0,0,0,1,0,0,"16,090"
,,Central Falls,0,0,1,0,0,0,0,0,1,0,"19,423"
,,Cranston,0,1,0,0,0,0,0,0,0,1,"81,471"
,,Cumberland,1,0,0,0,0,0,0,0,1,0,"35,206"
,,East Greenwich,0,1,0,0,0,0,0,1,0,0,"13,119"
,,East Providence,0,1,0,0,0,0,0,1,0,0,"47,590"
,,Johnston,1,0,0,0,0,0,0,0,1,0,"29,424"
,,Pawtucket,0,0,2,0,0,0,1,1,0,0,"72,030"
,,Providence,1,2,1,0,0,0,1,3,0,0,"179,762"
,Universities and Colleges,,0,0,4,0,0,0,,,,,
,,Brown University,0,0,4,0,0,0,1,0,0,3,"10,694"
South Carolina,Total,,36,20,7,1,3,1,,,,,
,Cities,,20,4,5,1,2,0,,,,,
,,Bluffton,1,1,0,0,0,0,0,1,0,1,"24,812"
,,Calhoun Falls,1,0,0,0,0,0,1,0,0,0,"1,912"
,,Charleston,1,1,2,0,0,0,2,2,0,0,"138,254"
,,Clio,1,0,0,0,0,0,0,0,1,0,660
,,Darlington,0,0,1,0,0,0,1,0,0,0,"5,886"
,,Florence,2,0,0,0,0,0,1,0,1,0,"37,640"
,,Gaffney,1,0,0,0,0,0,0,1,0,0,"12,528"
,,Greenville,1,0,1,0,0,0,0,0,1,1,"69,830"
,,Hartsville,0,0,0,0,1,0,0,0,0,1,"7,524"
,,Inman,1,0,0,0,0,0,0,0,1,0,"2,404"
,,Lake View,1,0,0,0,0,0,0,0,1,,755
,,McColl,0,0,0,0,1,0,0,1,0,0,"1,981"
,,Myrtle Beach,1,0,0,0,0,0,1,0,0,0,"34,860"
,,North Myrtle Beach,1,1,0,0,0,0,0,0,2,0,"16,942"
,,Pamplico,1,0,0,0,0,0,1,0,0,0,"1,221"
,,Rock Hill,2,0,1,1,0,0,2,0,0,2,"75,342"
,,Springdale,1,0,0,0,0,0,0,0,0,1,"2,753"
,,St. Matthews,1,0,0,0,0,0,0,1,0,0,"1,900"
,,Summerville,1,1,0,0,0,0,1,0,1,0,"52,886"
,,Williston,1,0,0,0,0,0,1,0,0,0,"2,907"
,,York,1,0,0,0,0,0,1,0,0,0,"8,294"
,Universities and Colleges,,1,0,0,0,1,0,,,,,
,,Medical University of South Carolina,1,0,0,0,0,0,0,1,0,0,"3,421"
,,The Citadel,0,0,0,0,1,0,0,0,0,1,"4,305"
,Metropolitan Counties,,9,13,1,0,0,1,,,,,
,,Beaufort,1,0,0,0,0,1,1,0,0,1,
,,Berkeley,2,9,0,0,0,0,0,1,1,9,
,,Charleston,1,1,0,0,0,0,0,0,1,1,
,,Greenville,1,0,0,0,0,0,0,0,1,0,
,,Lexington,0,0,1,0,0,0,1,0,0,0,
,,Pickens,1,0,0,0,0,0,0,0,1,0,
,,Spartanburg,3,3,0,0,0,0,2,1,1,2,
,Nonmetropolitan Counties,,6,3,1,0,0,0,,,,,
,,Bamberg,0,2,0,0,0,0,0,0,1,1,
,,Colleton,2,0,1,0,0,0,0,2,0,1,
,,Dillon,1,0,0,0,0,0,0,0,1,0,
,,Greenwood,0,1,0,0,0,0,1,0,0,0,
,,Marlboro,1,0,0,0,0,0,0,0,1,0,
,,Orangeburg,2,0,0,0,0,0,0,0,0,2,
South Dakota,Total,,13,3,4,0,0,0,,,,,
,Cities,,9,3,3,0,0,0,,,,,
,,Box Elder,1,0,0,0,0,0,1,0,0,0,"10,077"
,,Flandreau,0,1,0,0,0,0,0,0,1,0,"2,323"
,,Huron,1,0,0,0,0,0,1,0,0,0,"13,840"
,,Martin,1,0,0,0,0,0,0,0,0,1,"1,071"
,,Mitchell,0,0,1,0,0,0,0,1,0,0,"15,733"
,,Rapid City,1,0,0,0,0,0,0,1,0,0,"76,343"
,,Sioux Falls,3,2,2,0,0,0,1,1,2,3,"185,628"
,,Tea,1,0,0,0,0,0,0,0,0,1,"5,898"
,,Watertown,1,0,0,0,0,0,0,1,0,0,"22,233"
,Metropolitan Counties,,1,0,1,0,0,0,,,,,
,,Pennington,1,0,1,0,0,0,1,1,0,0,
,Nonmetropolitan Counties,,3,0,0,0,0,0,,,,,
,,Brown,1,0,0,0,0,0,0,1,0,0,
,,Stanley,1,0,0,0,0,0,0,0,1,0,
,,Walworth,1,0,0,0,0,0,0,0,1,0,
Tennessee,Total,,91,12,10,1,2,1,,,,,
,Cities,,38,8,6,1,1,0,,,,,
,,Centerville,1,0,0,0,0,0,0,0,1,0,"3,564"
,,Cleveland,7,0,0,0,0,0,2,2,2,1,"45,453"
,,Collierville,1,0,0,0,0,0,0,0,0,1,"51,273"
,,Cookeville,0,0,0,0,1,0,0,1,0,0,"34,373"
,,Covington,1,0,0,1,0,0,0,0,2,0,"8,755"
,,Goodlettsville,1,0,0,0,0,0,0,0,0,1,"16,976"
,,Greeneville,1,0,0,0,0,0,0,0,1,0,"14,881"
,,Kingsport,0,1,1,0,0,0,0,0,0,2,"54,218"
,,Knoxville,3,2,2,0,0,0,0,3,1,3,"188,666"
,,Lebanon,4,0,0,0,0,0,0,2,1,1,"36,337"
,,Livingston,0,1,0,0,0,0,0,1,0,0,"4,014"
,,Maryville,1,0,0,0,0,0,0,0,1,0,"29,415"
,,Memphis,4,0,1,0,0,0,0,2,1,2,"650,410"
,,Metropolitan Nashville Police Department,3,2,1,0,0,0,2,2,2,0,"687,361"
,,Milan,1,0,0,0,0,0,0,0,0,1,"7,613"
,,Morristown,2,0,0,0,0,0,0,0,2,0,"30,044"
,,Mountain City,1,0,0,0,0,0,0,1,0,0,"2,407"
,,Munford,0,1,0,0,0,0,1,0,0,0,"6,083"
,,Murfreesboro,0,0,1,0,0,0,0,1,0,0,"145,929"
,,Newbern,1,0,0,0,0,0,0,0,1,0,"3,312"
,,Pigeon Forge,2,0,0,0,0,0,0,1,1,0,"6,383"
,,Spring Hill,2,0,0,0,0,0,0,1,0,1,"43,303"
,,Springfield,1,1,0,0,0,0,0,2,0,0,"17,022"
,,White House,1,0,0,0,0,0,1,0,0,0,"12,822"
,Universities and Colleges,,0,0,1,0,0,0,,,,,
,,Tennessee Technological University,0,0,1,0,0,0,0,1,0,0,"11,451"
,Metropolitan Counties,,17,3,2,0,0,1,,,,,
,,Anderson,0,0,1,0,0,0,0,0,1,0,
,,Blount,3,1,0,0,0,1,2,0,2,1,
,,Bradley,2,0,1,0,0,0,0,3,0,0,
,,Dickson,1,0,0,0,0,0,0,1,0,0,
,,Knox,3,0,0,0,0,0,0,0,0,3,
,,Montgomery,1,0,0,0,0,0,1,0,0,0,
,,Roane,1,0,0,0,0,0,0,1,0,0,
,,Sullivan,1,2,0,0,0,0,0,0,1,2,
,,Washington,5,0,0,0,0,0,0,3,1,1,
,Nonmetropolitan Counties,,5,1,0,0,0,0,,,,,
,,DeKalb,1,0,0,0,0,0,0,1,0,0,
,,Dyer,0,1,0,0,0,0,0,0,1,0,
,,Henderson,1,0,0,0,0,0,0,0,0,1,
,,McMinn,1,0,0,0,0,0,0,1,0,0,
,,Monroe,1,0,0,0,0,0,0,0,0,1,
,,Warren,1,0,0,0,0,0,0,0,0,1,
,State Police Agencies,,30,0,1,0,1,0,,,,,
,,Department of Safety,30,0,1,0,1,0,7,12,10,3,
,Other Agencies,,1,0,0,0,0,0,,,,,
,,Tennessee Bureau of Investigation,1,0,0,0,0,0,0,0,1,0,
Texas,Total,,300,44,71,19,7,18,,,,,
,Cities,,227,33,64,14,5,14,,,,,
,,Abilene,0,0,3,0,0,0,1,2,0,0,"123,665"
,,Addison,1,0,0,0,0,0,0,0,0,1,"16,339"
,,Alamo,3,1,0,0,0,0,1,0,0,3,"19,903"
,,Amarillo,1,0,0,0,0,0,0,1,0,0,"201,036"
,,Angleton,1,0,1,0,0,0,1,1,0,0,"19,660"
,,Arlington,14,0,2,0,0,0,2,2,8,4,"402,304"
,,Austin,5,2,3,0,0,0,3,2,3,2,"986,062"
,,Balch Springs,2,0,0,0,0,0,1,0,0,1,"25,511"
,,Beaumont,2,0,0,0,0,2,1,0,1,2,"118,562"
,,Blue Mound,1,0,0,0,0,0,0,0,0,1,"2,485"
,,Boerne,1,0,0,0,0,0,1,0,0,0,"18,135"
,,Borger,1,0,0,0,0,0,0,0,0,1,"12,536"
,,Brady,1,0,0,0,0,0,1,0,0,0,"5,288"
,,Breckenridge,1,0,0,0,0,0,0,1,0,0,"5,453"
,,Brenham,2,1,0,0,0,0,1,1,1,0,"17,375"
,,Brownwood,1,0,0,0,0,0,0,0,1,0,"18,646"
,,Burkburnett,0,1,0,0,0,0,0,0,1,0,"11,305"
,,Burleson,2,0,1,0,0,0,0,2,1,0,"48,743"
,,Carrollton,1,0,0,0,0,0,0,1,,,"139,179"
,,Cedar Park,2,1,1,1,0,0,1,2,0,2,"80,170"
,,Cleburne,1,0,0,0,0,0,0,0,0,1,"30,860"
,,College Station,1,0,0,0,0,0,1,0,0,0,"119,246"
,,Commerce,4,0,0,0,0,0,2,1,1,,"9,467"
,,Converse,0,0,1,0,0,0,0,0,0,1,"28,598"
,,Corpus Christi,1,0,0,0,0,0,0,0,1,0,"329,320"
,,Corrigan,1,2,0,0,0,0,0,2,1,0,"1,605"
,,Dallas,13,3,13,0,0,1,2,6,10,12,"1,363,295"
,,Decatur,1,0,0,1,0,0,1,0,1,0,"7,116"
,,Denton,3,1,0,0,1,0,4,1,0,0,"141,492"
,,DeSoto,1,1,1,1,0,0,1,1,0,2,"54,026"
,,Dickinson,1,0,0,0,0,0,0,0,0,1,"21,101"
,,Dumas,2,0,0,0,0,0,0,0,2,0,"14,290"
,,Edcouch,18,0,0,0,0,0,11,7,,,"3,378"
,,El Campo,1,0,0,0,0,0,0,0,0,1,"11,615"
,,Elgin,3,0,0,0,0,0,0,1,1,1,"10,475"
,,El Paso,3,0,0,0,0,0,1,0,2,0,"686,793"
,,Ennis,0,1,0,0,0,1,0,0,1,1,"20,096"
,,Fate,0,0,1,0,0,0,0,0,1,0,"15,378"
,,Ferris,1,0,0,0,0,0,0,0,0,1,"2,876"
,,Floresville,3,0,0,0,0,0,2,0,1,0,"7,970"
,,Fort Worth2,8,2,5,0,0,0,2,2,5,5,"915,237"
,,Frisco,1,1,0,0,0,0,1,0,1,0,"199,445"
,,Gainesville,1,0,0,0,0,0,0,0,0,1,"16,688"
,,Garland,2,0,0,0,0,0,0,0,1,1,"244,277"
,,Gatesville,0,1,0,0,0,0,0,0,0,1,"12,311"
,,Georgetown,1,0,0,0,0,0,0,0,1,0,"78,332"
,,Giddings,1,0,0,0,0,0,,0,1,0,"5,124"
,,Gladewater,4,0,1,0,0,0,2,1,1,1,"6,349"
,,Glenn Heights,1,0,0,0,0,0,0,0,0,1,"13,520"
,,Granbury,0,1,0,0,0,0,0,0,0,1,"10,752"
,,Grapeland,0,0,0,1,0,0,0,1,0,0,"1,421"
,,Greenville,1,0,0,0,0,0,0,0,1,0,"28,613"
,,Hamilton,0,1,0,0,0,1,1,0,1,0,"3,008"
,,Harker Heights,0,0,0,0,1,0,0,0,0,1,"32,527"
,,Harlingen,0,1,1,0,0,0,0,1,1,0,"65,481"
,,Henderson,2,0,0,0,0,0,0,1,0,1,"13,226"
,,Hillsboro,1,0,0,0,0,0,0,1,0,0,"8,476"
,,Hollywood Park,1,0,1,0,0,0,0,1,0,1,"3,406"
,,Houston,13,2,9,2,0,3,5,6,9,9,"2,355,606"
,,Hurst,0,0,2,0,0,0,0,0,0,2,"39,196"
,,Iowa Park,1,0,0,0,0,0,1,0,0,0,"6,369"
,,Itasca,1,0,0,0,0,0,0,0,1,0,"1,736"
,,Jacksonville,1,0,0,0,0,1,0,2,0,0,"14,969"
,,Jarrell,1,0,0,0,0,0,0,1,0,0,"1,800"
,,Kennedale,1,0,0,0,0,0,0,0,0,1,"8,792"
,,Kingsville,0,0,0,0,1,0,0,0,1,0,"25,401"
,,Kyle,0,0,1,0,0,0,0,0,0,1,"49,855"
,,Lacy-Lakeview,1,0,0,0,0,0,1,0,0,0,"6,720"
,,La Grange,0,1,0,0,0,0,0,0,0,1,"4,630"
,,Lake Dallas,0,1,0,0,0,0,0,0,0,1,"8,052"
,,Lampasas,2,0,0,0,0,0,0,1,0,1,"8,067"
,,La Porte,0,0,1,1,0,0,0,0,0,2,"35,622"
,,Laredo,1,0,0,3,1,0,1,0,0,4,"264,916"
,,League City,0,0,1,0,0,0,0,0,1,0,"109,401"
,,Levelland,1,0,0,0,0,0,1,0,0,0,"13,530"
,,Lewisville,1,0,1,0,0,0,0,0,0,2,"108,000"
,,Livingston,0,0,1,0,0,0,0,1,0,0,"5,112"
,,Longview,2,1,0,0,0,0,1,1,1,0,"81,783"
,,Lubbock,1,0,2,0,0,0,0,0,2,1,"259,208"
,,Mansfield,1,0,0,0,0,0,0,0,0,1,"72,979"
,,Marble Falls,0,0,1,0,0,0,0,1,0,0,"7,047"
,,McKinney,2,0,0,0,0,0,0,2,0,0,"200,615"
,,Mesquite,3,0,0,0,0,0,2,0,1,0,"143,078"
,,Nederland,1,0,0,0,0,0,0,0,0,1,"17,557"
,,New Braunfels,5,0,1,0,1,1,0,1,4,3,"88,706"
,,North Richland Hills,4,0,0,0,0,0,0,1,1,2,"71,816"
,,Odessa2,3,0,2,1,0,0,2,0,3,0,"123,468"
,,Overton,1,1,0,0,0,0,1,0,0,1,"2,510"
,,Palestine,4,0,0,0,0,1,1,3,1,0,"18,062"
,,Pasadena,4,0,0,2,0,0,3,1,0,2,"153,689"
,,Pearland,1,0,0,0,0,0,0,1,0,0,"126,206"
,,Pflugerville,1,0,0,0,0,1,0,1,0,1,"66,729"
,,Pleasanton,2,0,0,0,0,0,0,0,0,2,"10,911"
,,Port Arthur,2,0,0,0,0,0,0,0,0,2,"55,084"
,,Port Isabel,2,0,0,0,0,0,0,1,1,0,"5,058"
,,Port Neches,0,0,0,0,0,1,0,0,1,0,"12,808"
,,Richardson,0,0,1,0,0,0,0,0,0,1,"123,893"
,,Rio Grande City,0,1,0,0,0,0,0,,1,0,"14,607"
,,Rockdale,2,0,0,0,0,0,0,1,1,0,"5,665"
,,Rockwall,3,1,0,0,0,0,0,1,1,2,"46,096"
,,Roma,1,0,0,0,0,0,0,1,0,0,"11,527"
,,Rosenberg,1,1,0,0,0,0,1,0,0,1,"38,936"
,,Rowlett,1,0,0,0,0,0,1,0,0,0,"67,604"
,,San Antonio,5,0,4,0,0,0,3,3,2,1,"1,559,166"
,,San Juan,1,0,1,0,0,0,1,0,0,1,"37,542"
,,Santa Fe,0,0,1,0,0,0,0,0,0,1,"13,657"
,,Schulenburg,1,0,0,0,0,0,0,1,0,0,"2,929"
,,Silsbee,1,0,0,0,0,0,0,1,0,0,"6,650"
,,South Padre Island,0,1,0,0,0,0,0,1,0,0,"2,805"
,,Spur,2,0,0,0,0,0,0,0,0,2,"1,207"
,,Stafford,0,1,0,0,0,0,0,0,0,1,"18,380"
,,Sunset Valley,1,0,0,0,0,0,0,1,0,0,683
,,Sweeny,2,0,0,0,0,0,0,0,1,1,"3,745"
,,Sweetwater,1,0,0,0,0,0,0,0,1,0,"10,467"
,,Tahoka,0,0,0,1,0,0,0,0,1,0,"2,624"
,,Tool,1,0,0,0,0,0,0,1,0,0,"2,337"
,,Tyler,0,0,0,0,0,1,0,0,0,1,"106,851"
,,University Park,1,0,0,0,0,0,1,0,0,0,"25,434"
,,Vernon,4,0,0,0,0,0,1,0,0,3,"10,312"
,,Victoria,1,0,0,0,0,0,0,0,0,1,"67,581"
,,Vidor,2,0,0,0,0,0,0,0,1,1,"10,499"
,,Waco,4,1,0,0,0,0,2,1,0,2,"139,870"
,,Wallis,1,0,0,0,0,0,0,0,0,1,"1,322"
,,Wichita Falls,1,0,0,0,0,0,0,0,1,0,"104,551"
,,Willow Park,2,0,0,0,0,0,0,0,1,1,"5,808"
,,Winters,1,0,0,0,0,0,1,0,0,0,"2,448"
,Universities and Colleges,,8,2,1,0,0,0,,,,,
,,Houston Community College,1,0,0,0,0,0,0,0,1,0,"82,166"
,,"Texas State University, San Marcos",2,0,0,0,0,0,0,0,2,0,"42,924"
,,Texas Woman's University,0,0,1,0,0,0,0,0,0,1,"18,773"
,,Tyler Junior College,2,0,0,0,0,0,0,0,0,2,"15,992"
,,University of Texas:,,,,,,,,,,,
,,Austin,2,2,0,0,0,0,0,2,1,1,"55,097"
,,Houston,1,0,0,0,0,0,0,0,1,0,"6,948"
,Metropolitan Counties,,39,6,4,2,2,1,,,,,
,,Brazoria,1,0,0,0,0,0,0,0,0,1,
,,Chambers,1,0,0,0,0,0,1,0,0,0,
,,El Paso,1,0,0,0,0,0,0,0,1,0,
,,Fort Bend,2,0,0,0,0,0,1,1,0,0,
,,Galveston,0,0,0,1,0,0,1,0,,,
,,Harris,13,2,1,0,2,1,2,5,6,6,
,,Hudspeth,10,1,0,0,0,0,11,0,0,0,
,,Johnson,2,0,0,0,0,0,0,1,1,0,
,,Montgomery,1,1,0,0,0,0,2,0,0,0,
,,Randall,0,0,1,0,0,0,0,0,0,1,
,,Tarrant,3,0,0,0,0,0,0,0,1,2,
,,Travis,2,0,0,0,0,0,0,0,0,2,
,,Williamson,3,2,2,1,0,0,2,4,1,1,
,Nonmetropolitan Counties,,15,2,1,1,0,3,,,,,
,,Bailey,0,1,0,0,0,1,0,1,0,1,
,,Bee,0,0,0,1,0,0,0,0,0,1,
,,Cherokee,1,0,0,0,0,0,0,0,0,1,
,,Crockett,1,0,0,0,0,0,0,0,1,0,
,,Duval,1,0,0,0,0,0,0,1,0,0,
,,Floyd,1,0,0,0,0,0,0,0,0,1,
,,Houston,2,1,0,0,0,1,1,1,2,0,
,,Kerr,1,0,0,0,0,0,1,0,0,0,
,,Leon,2,0,0,0,0,0,0,0,1,1,
,,Llano,0,0,0,0,0,1,0,0,0,1,
,,McCulloch,1,0,0,0,0,0,0,0,1,0,
,,Nacogdoches,0,0,1,0,0,0,0,0,0,1,
,,Ward,4,0,0,0,0,0,1,2,1,0,
,,Washington,1,0,0,0,0,0,0,0,1,0,
,Other Agencies,,11,1,1,2,0,0,,,,,
,,Dallas-Fort Worth International Airport2,1,1,0,0,0,0,0,0,0,1,
,,Independent School District:,,,,,,,,,,,
,,Austin,1,0,0,0,0,0,0,0,1,0,
,,Bay City,1,0,0,0,0,0,1,0,0,0,
,,Brazosport,1,0,0,0,0,0,0,1,0,0,
,,Houston,4,0,0,1,0,0,2,0,1,2,
,,Hutto,0,0,0,1,0,0,1,0,0,0,
,,Roma,2,0,0,0,0,0,0,1,1,0,
,,Spring Branch,1,0,1,0,0,0,1,0,1,0,
Utah,Total,,12,3,3,0,0,0,,,,,
,Cities,,11,2,3,0,0,0,,,,,
,,Farmington,3,0,0,0,0,0,0,1,1,1,"25,409"
,,Kaysville,1,0,0,0,0,0,0,0,1,0,"32,691"
,,Layton,1,0,0,0,0,0,0,0,1,0,"78,585"
,,Moab,0,0,1,0,0,0,0,0,1,0,"5,349"
,,North Salt Lake,1,0,0,0,0,0,0,0,0,1,"21,501"
,,Ogden,1,0,0,0,0,0,0,0,0,1,"87,875"
,,Roy,0,1,1,0,0,0,0,2,0,0,"39,001"
,,Salt Lake City,1,0,0,0,0,0,1,0,0,0,"202,426"
,,Sandy,1,0,0,0,0,0,0,1,0,0,"97,797"
,,South Jordan,1,0,0,0,0,0,0,0,0,1,"77,645"
,,South Ogden,1,0,1,0,0,0,0,0,1,1,"17,215"
,,West Valley,0,1,0,0,0,0,0,1,0,0,"137,269"
,Metropolitan Counties,,0,1,0,0,0,0,,,,,
,,Washington,0,1,0,0,0,0,1,0,0,0,
,Nonmetropolitan Counties,,1,0,0,0,0,0,,,,,
,,Duchesne,1,0,0,0,0,0,0,1,0,0,
Vermont,Total,,18,4,9,1,0,1,,,,,
,Cities,,15,3,7,0,0,1,,,,,
,,Barre,1,0,0,0,0,0,0,1,0,0,"8,551"
,,Bennington,3,1,1,0,0,0,5,0,0,0,"14,912"
,,Berlin,1,0,0,0,0,0,0,0,0,1,"2,789"
,,Brandon,0,0,1,0,0,0,0,0,0,1,"3,744"
,,Brattleboro,0,0,0,0,0,1,0,0,1,0,"11,401"
,,Burlington,1,1,1,0,0,0,0,1,1,1,"42,958"
,,Hartford,0,0,1,0,0,0,0,0,1,0,"9,654"
,,Milton,2,0,1,0,0,0,0,0,2,1,"11,064"
,,Montpelier,2,0,0,0,0,0,0,0,1,1,"7,386"
,,Newport,1,0,1,0,0,0,0,0,1,1,"4,216"
,,Rutland,2,0,1,0,0,0,1,0,2,0,"15,191"
,,South Burlington,0,1,0,0,0,0,1,0,0,0,"19,687"
,,St. Albans,1,0,0,0,0,0,0,0,1,0,"6,800"
,,Windsor,1,0,0,0,0,0,0,0,1,0,"3,324"
,Universities and Colleges,,2,1,2,0,0,0,,,,,
,,University of Vermont,2,1,2,0,0,0,0,0,5,0,"15,629"
,State Police Agencies,,1,0,0,1,0,0,,,,,
,,State Police:  ,,,,,,,,,,,
,,Middlesex,1,0,0,0,0,0,1,0,0,0,
,,St. Albans,0,0,0,1,0,0,1,0,0,0,
Virginia,Total,,102,27,27,3,1,3,,,,,
,Cities,,21,6,11,0,0,2,,,,,
,,Alexandria,2,1,2,0,0,0,2,2,0,1,"162,258"
,,Charlottesville,2,0,1,0,0,0,1,0,1,1,"48,453"
,,Chesapeake,2,0,0,0,0,0,0,1,0,1,"243,726"
,,Colonial Beach,0,1,0,0,0,0,0,0,0,1,"3,593"
,,Dayton,0,1,0,0,0,0,1,0,0,0,"1,636"
,,Glade Spring,0,1,0,0,0,1,0,0,0,2,"1,426"
,,Hampton,2,0,0,0,0,0,0,2,0,0,"133,173"
,,Harrisonburg,1,0,0,0,0,0,0,1,0,0,"54,387"
,,Leesburg,2,1,1,0,0,0,2,1,1,0,"55,461"
,,Lynchburg,1,0,0,0,0,0,0,0,0,1,"82,512"
,,Newport News,1,0,3,0,0,0,1,0,0,3,"177,319"
,,Purcellville,1,0,0,0,0,0,1,0,0,0,"10,346"
,,Richlands,1,0,0,0,0,0,0,1,0,0,"5,198"
,,Richmond,3,0,2,0,0,0,1,4,0,0,"230,721"
,,Roanoke,1,0,0,0,0,0,0,1,0,0,"99,752"
,,Suffolk,0,0,1,0,0,0,0,0,0,1,"91,486"
,,Vienna,0,0,1,0,0,0,0,0,0,1,"16,660"
,,Virginia Beach,1,1,0,0,0,0,1,0,1,0,"449,038"
,,Winchester,0,0,0,0,0,1,0,0,0,1,"28,201"
,,Woodstock,1,0,0,0,0,0,0,1,0,0,"5,267"
,Universities and Colleges,,2,1,4,0,0,0,,,,,
,,Hampton University,0,0,1,0,0,0,1,0,0,0,"4,698"
,,James Madison University,0,1,1,0,0,0,1,0,1,0,"24,133"
,,Longwood University,1,0,0,0,0,0,0,1,0,0,"5,909"
,,University of Mary Washington,1,0,1,0,0,0,0,1,0,1,"5,373"
,,University of Virginia,0,0,1,0,0,0,0,1,0,0,"28,244"
,Metropolitan Counties,,71,20,10,2,1,1,,,,,
,,Albemarle County Police Department,1,0,0,0,0,0,0,0,0,1,
,,Amelia,0,0,1,0,0,0,0,0,0,1,
,,Amherst,2,0,0,0,0,0,0,0,1,1,
,,Arlington County Police Department,8,4,1,0,0,0,6,6,1,0,
,,Bedford,1,1,0,0,0,0,0,0,2,0,
,,Campbell,1,0,0,0,0,0,0,1,0,0,
,,Chesterfield County Police Department,2,1,0,0,0,0,0,0,2,1,
,,Dinwiddie,0,2,0,0,0,0,0,1,0,1,
,,Fairfax County Police Department,27,8,2,0,0,0,9,12,7,9,
,,Fluvanna,1,0,1,0,0,0,0,0,0,2,
,,Franklin,2,0,0,0,0,0,1,0,1,0,
,,Giles,0,0,1,0,0,0,0,0,1,0,
,,Hanover,1,0,0,0,0,0,1,0,0,0,
,,Henrico County Police Department,1,0,0,0,0,0,1,0,0,0,
,,James City County Police Department,1,0,0,0,0,0,0,0,1,0,
,,Loudoun,12,2,2,1,1,1,9,6,2,2,
,,Nelson,0,0,1,0,0,0,1,0,0,0,
,,Prince George County Police Department,2,0,0,0,0,0,0,0,2,0,
,,Prince William County Police Department,3,1,0,0,0,0,0,2,2,0,
,,Roanoke County Police Department,0,1,1,0,0,0,0,1,1,0,
,,Spotsylvania,1,0,0,1,0,0,0,1,1,0,
,,Stafford,4,0,0,0,0,0,0,0,1,3,
,,Washington,1,0,0,0,0,0,0,1,0,0,
,Nonmetropolitan Counties,,5,0,2,0,0,0,,,,,
,,Accomack,1,0,0,0,0,0,0,0,1,0,
,,Charlotte,2,0,0,0,0,0,0,0,2,0,
,,Northampton,2,0,0,0,0,0,0,1,0,1,
,,Page,0,0,1,0,0,0,1,0,0,0,
,,Pittsylvania,0,0,1,0,0,0,0,1,0,0,
,State Police Agencies,,3,0,0,1,0,0,,,,,
,,State Police:  ,,,,,,,,,,,
,,Dinwiddie County,1,0,0,0,0,0,0,0,1,0,
,,Fairfax County,0,0,0,1,0,0,0,1,0,0,
,,Prince William County,1,0,0,0,0,0,0,1,0,0,
,,Richmond,1,0,0,0,0,0,0,0,0,1,
Washington,Total,,331,76,116,8,8,17,,,,,
,Cities,,290,58,109,6,5,17,,,,,
,,Aberdeen,3,0,0,0,0,0,1,0,1,1,"16,627"
,,Auburn,1,1,1,1,0,0,0,1,0,3,"83,468"
,,Bainbridge Island,0,1,0,0,0,0,0,0,0,1,"25,080"
,,Bellevue,5,3,2,0,0,0,1,3,2,4,"150,200"
,,Bellingham,5,0,1,0,0,0,1,2,0,3,"91,906"
,,Blaine,0,0,1,0,0,0,,0,1,0,"5,534"
,,Bonney Lake,1,0,0,0,0,0,0,0,0,1,"21,574"
,,Bothell,2,0,0,0,0,1,1,1,0,1,"47,565"
,,Bremerton,1,0,0,0,0,0,0,0,1,0,"41,675"
,,Brier,1,2,0,0,0,0,1,1,1,0,"7,070"
,,Burien,3,1,2,0,0,0,1,2,2,1,"52,388"
,,Chehalis,1,0,0,0,0,0,1,0,0,0,"7,682"
,,Covington,2,0,0,0,0,0,1,0,1,0,"21,698"
,,Des Moines,3,1,0,0,0,0,1,0,2,1,"32,708"
,,Ellensburg,1,0,0,0,0,0,1,0,0,0,"21,324"
,,Everett,5,2,1,0,0,0,2,3,0,3,"112,302"
,,Federal Way,1,0,0,0,0,0,0,1,0,0,"98,025"
,,Index,0,1,0,0,0,0,0,0,1,0,214
,,Issaquah,1,1,1,0,0,0,1,0,2,0,"40,651"
,,Kent,10,4,2,0,0,0,4,6,3,3,"131,003"
,,Lake Stevens,1,0,0,0,0,0,1,0,0,0,"34,081"
,,Longview,0,0,2,1,0,0,1,0,1,1,"38,282"
,,Maple Valley,1,0,0,0,0,0,0,0,0,1,"27,705"
,,Marysville,1,0,0,0,0,0,1,0,0,0,"71,081"
,,Mercer Island,1,2,0,0,0,0,2,1,0,0,"26,408"
,,Monroe,1,0,0,0,0,0,0,1,0,0,"19,630"
,,Montesano,1,0,0,0,0,0,1,0,0,0,"4,033"
,,Moses Lake,9,0,0,0,0,0,4,4,1,0,"24,490"
,,Mount Vernon,3,0,0,0,0,0,0,3,0,0,"36,274"
,,Mukilteo,1,1,0,0,0,0,0,1,0,1,"21,704"
,,Normandy Park,1,0,0,0,0,0,1,0,0,0,"6,699"
,,Oak Harbor,1,0,0,0,0,0,1,0,0,0,"23,554"
,,Olympia,1,1,1,0,0,1,4,0,0,0,"53,286"
,,Oroville,0,1,0,0,0,0,1,0,,0,"1,678"
,,Port Angeles,1,0,2,0,1,0,3,0,0,1,"20,207"
,,Pullman,2,0,1,0,0,0,0,0,1,2,"34,585"
,,Puyallup,1,0,0,0,0,0,0,0,0,1,"42,509"
,,Redmond,1,0,0,0,0,0,1,0,0,0,"69,501"
,,Renton,4,2,1,1,0,0,2,3,3,0,"103,452"
,,Richland,0,1,0,0,0,0,0,0,0,1,"58,514"
,,Ruston,1,0,0,0,0,0,0,0,1,0,855
,,Sammamish2,2,0,2,0,0,0,2,0,1,0,"66,820"
,,SeaTac,3,0,1,0,0,0,1,0,1,2,"29,533"
,,Seattle2,178,26,80,3,4,13,50,76,98,68,"763,706"
,,Shoreline,0,1,1,0,0,0,0,0,2,0,"57,216"
,,South Bend,0,0,0,0,0,1,0,0,0,1,"1,680"
,,Spokane,4,2,3,0,0,0,2,3,3,1,"220,432"
,,Spokane Valley,5,0,2,0,0,0,1,2,2,2,"100,983"
,,Steilacoom,2,0,0,0,0,0,0,1,1,0,"6,423"
,,Sunnyside,1,0,0,0,0,0,0,0,1,0,"16,839"
,,Tacoma,6,1,0,0,0,0,2,2,1,2,"218,650"
,,Tukwila,0,1,0,0,0,0,0,0,0,1,"20,439"
,,Vancouver,6,2,2,0,0,1,1,7,2,1,"185,034"
,,Walla Walla,1,0,0,0,0,0,0,1,0,0,"33,047"
,,West Richland,1,0,0,0,0,0,0,1,0,0,"15,343"
,,Yakima,2,0,0,0,0,0,0,0,1,1,"94,168"
,,Zillah,1,0,0,0,0,0,,,1,0,"3,164"
,Universities and Colleges,,3,10,0,1,1,0,,,,,
,,Eastern Washington University,1,6,0,0,1,0,0,5,1,2,"16,208"
,,Evergreen State College,0,3,0,0,0,0,1,0,1,1,"4,587"
,,University of Washington,1,0,0,0,0,0,0,0,1,0,"55,508"
,,Western Washington University2,1,1,0,1,0,0,1,1,0,0,"17,782"
,Metropolitan Counties,,34,7,7,1,2,0,,,,,
,,Chelan,1,1,0,0,0,0,2,0,0,0,
,,Clark,1,0,1,0,0,0,1,1,0,0,
,,Cowlitz,0,0,0,1,0,0,0,0,1,0,
,,King,17,2,4,0,2,0,7,5,10,3,
,,Kitsap,1,0,0,0,0,0,0,0,1,0,
,,Pierce,1,1,0,0,0,0,0,1,1,0,
,,Skagit,2,0,0,0,0,0,0,1,0,1,
,,Snohomish,3,1,1,0,0,0,0,0,4,1,
,,Spokane,4,1,0,0,0,0,0,0,2,3,
,,Stevens,0,0,1,0,0,0,0,0,0,1,
,,Whatcom,1,1,0,0,0,0,0,0,1,1,
,,Yakima,3,0,0,0,0,0,0,1,1,1,
,Nonmetropolitan Counties,,4,0,0,0,0,0,,,,,
,,Clallam,2,0,0,0,0,0,1,0,1,0,
,,Island,1,0,0,0,0,0,0,0,0,1,
,,Lewis,1,0,0,0,0,0,0,0,0,1,
,Other Agencies,,0,1,0,0,0,0,,,,,
,,Port of Seattle,0,1,0,0,0,0,0,0,0,1,
West Virginia,Total,,18,6,3,2,1,1,,,,,
,Cities,,8,1,2,1,0,0,,,,,
,,Huntington,2,0,1,0,0,0,1,2,0,0,"45,675"
,,Morgantown,2,0,0,0,0,0,1,0,1,0,"31,281"
,,Moundsville,1,0,0,0,0,0,0,1,0,0,"8,323"
,,St. Albans,0,0,0,1,0,0,1,0,0,0,"9,956"
,,Wheeling,3,1,0,0,0,0,2,1,1,0,"26,562"
,,White Sulphur Springs,0,0,1,0,0,0,0,1,0,0,"2,395"
,Metropolitan Counties,,4,1,0,1,0,0,,,,,
,,Hancock,2,0,0,1,0,0,0,1,1,1,
,,Kanawha,0,1,0,0,0,0,1,0,0,0,
,,Monongalia,1,0,0,0,0,0,0,0,0,1,
,,Putnam,1,0,0,0,0,0,0,0,1,0,
,Nonmetropolitan Counties,,5,1,0,0,1,0,,,,,
,,Hardy,0,0,0,0,1,0,0,0,0,1,
,,Lewis,2,1,0,0,0,0,2,1,0,0,
,,Mason,3,0,0,0,0,0,0,1,1,1,
,State Police Agencies,,1,3,0,0,0,1,,,,,
,,State Police:  ,,,,,,,,,,,
,,Bridgeport,0,1,0,0,0,0,0,0,0,1,
,,Hamlin,0,0,0,0,0,1,0,1,0,0,
,,Morgantown,1,0,0,0,0,0,0,0,0,1,
,,Wayne,0,2,0,0,0,0,0,1,0,1,
,Other Agencies,,0,0,1,0,0,0,,,,,
,,Metropolitan Drug Enforcement Network Team,0,0,1,0,0,0,1,0,0,0,
Wisconsin,Total,,39,18,5,4,2,6,,,,,
,Cities,,29,14,4,4,2,5,,,,,
,,Appleton,2,0,0,2,0,0,0,1,3,0,"74,757"
,,Barron,1,0,0,0,0,0,0,0,1,0,"3,306"
,,Beloit,0,1,0,0,0,0,0,0,0,1,"37,025"
,,Campbell Township,0,1,0,0,0,0,0,1,0,0,"4,337"
,,Chippewa Falls,0,0,0,0,1,0,0,1,0,0,"14,237"
,,Ellsworth,1,0,0,0,0,0,0,0,1,0,"3,306"
,,Fond du Lac,0,2,0,0,0,0,1,1,0,0,"42,954"
,,Green Bay,1,1,0,0,0,0,0,1,1,0,"104,992"
,,Hudson,0,0,1,0,0,0,0,0,0,1,"14,074"
,,Janesville,2,1,0,1,0,3,1,2,3,1,"64,687"
,,Jefferson,1,0,0,0,0,0,0,0,0,1,"8,042"
,,Juneau,1,0,0,0,0,0,1,0,0,0,"2,639"
,,La Crosse,0,1,0,0,1,0,0,0,1,1,"51,591"
,,Lake Delton,1,0,0,0,0,0,0,0,0,1,"3,005"
,,Madison,3,1,3,0,0,0,1,0,4,2,"261,270"
,,Mayville,2,0,0,0,0,0,0,2,0,0,"4,859"
,,Menasha,1,0,0,0,0,0,0,1,0,0,"17,809"
,,Milwaukee,2,0,0,0,0,0,0,1,1,0,"590,923"
,,Monroe,4,0,0,0,0,0,1,0,3,0,"10,537"
,,Neenah,1,0,0,0,0,0,0,0,0,1,"26,133"
,,New London,0,1,0,0,0,0,0,0,1,0,"7,118"
,,North Fond du Lac,0,0,0,1,0,0,0,0,1,0,"5,098"
,,Oshkosh,0,2,0,0,0,0,1,0,0,1,"66,797"
,,Platteville,1,0,0,0,0,0,0,0,0,1,"12,115"
,,Port Washington,1,0,0,0,0,0,0,0,0,1,"11,908"
,,Rice Lake,1,0,0,0,0,2,0,0,3,0,"8,369"
,,Ripon,0,1,0,0,0,0,0,0,1,0,"7,820"
,,Sheboygan,1,0,0,0,0,0,1,0,0,0,"48,035"
,,Town of Madison,1,0,0,0,0,0,0,0,1,0,"6,934"
,,Wauwatosa,0,1,0,0,0,0,0,1,0,0,"48,562"
,,Winneconne,0,1,0,0,0,0,0,0,1,0,"2,506"
,,Wisconsin Rapids,1,0,0,0,0,0,1,,0,0,"17,613"
,Metropolitan Counties,,4,4,0,0,0,0,,,,,
,,Columbia,0,2,0,0,0,0,1,1,0,0,
,,Dane,1,0,0,0,0,0,0,0,0,1,
,,Douglas,1,0,0,0,0,0,0,0,1,0,
,,Iowa,1,0,0,0,0,0,0,0,1,0,
,,Outagamie,0,1,0,0,0,0,0,1,0,0,
,,Rock,1,1,0,0,0,0,1,1,0,0,
,Nonmetropolitan Counties,,6,0,1,0,0,1,,,,,
,,Dodge,2,0,1,0,0,0,1,0,2,0,
,,Manitowoc,1,0,0,0,0,0,0,1,0,0,
,,Monroe,1,0,0,0,0,0,0,0,0,1,
,,Oneida,1,0,0,0,0,0,0,0,0,1,
,,Sauk,1,0,0,0,0,1,1,0,1,0,
Wyoming,Total,,4,0,1,0,0,0,,,,,
,Cities,,3,0,1,0,0,0,,,,,
,,Cody,1,0,0,0,0,0,0,1,0,0,"9,865"
,,Evanston,1,0,0,0,0,0,0,0,1,0,"11,624"
,,Laramie,0,0,1,0,0,0,0,0,1,0,"32,669"
,,Sheridan,1,0,0,0,0,0,1,0,0,0,"17,895"
,Universities and Colleges,,1,0,0,0,0,0,,,,,
,,University of Wyoming,1,0,0,0,0,0,0,0,1,0,"13,963"
Federal,Federal Agencies,,63,47,19,0,0,3,,,,,
,,Federal Bureau of Investigation Field Offices:,,,,,,,,,,,
,,"Albany, NY",1,0,0,0,0,0,,,1,,
,,"Anchorage, AK",1,2,1,0,0,0,,2,,2,
,,"Atlanta, GA2",4,1,0,0,0,0,1,1,,2,
,,"Baltimore, MD",2,2,0,0,0,0,1,1,1,1,
,,"Birmingham, AL2",0,1,1,0,0,0,,1,,,
,,"Boston, MA",1,2,1,0,0,0,2,2,,,
,,"Charlotte, NC",1,0,0,0,0,0,,,1,,
,,"Chicago, IL",1,1,0,0,0,0,,1,,1,
,,"Cincinnati, OH",1,0,0,0,0,0,,1,,,
,,"Cleveland, OH",1,0,0,0,0,0,,1,,,
,,"Columbia, SC",1,0,0,0,0,0,,,1,,
,,"Dallas, TX",1,1,1,0,0,1,1,1,1,1,
,,"Denver, CO",0,1,1,0,0,1,,1,1,1,
,,"Detroit, MI",3,1,2,0,0,0,,3,2,1,
,,"El Paso, TX",2,4,0,0,0,0,,4,1,1,
,,"Houston, TX",1,0,0,0,0,0,1,,,,
,,"Jacksonville, FL",1,0,0,0,0,0,,1,,,
,,"Kansas City, MO",3,0,1,0,0,0,2,1,1,,
,,"Las Vegas, NV",0,1,0,0,0,0,1,,,,
,,"Los Angeles, CA",0,1,1,0,0,0,,1,1,,
,,"Memphis, TN",0,3,0,0,0,0,,3,,,
,,"Miami, FL",1,2,0,0,0,0,,,2,1,
,,"Milwaukee, WI",1,0,0,0,0,0,,,,1,
,,"Minneapolis, MN",0,3,0,0,0,0,1,,1,1,
,,"Mobile, AL2",3,0,1,0,0,0,,,1,2,
,,"New Haven, CT",0,1,0,0,0,0,,1,,,
,,"New Orleans, LA2",4,3,0,0,0,0,,3,,1,
,,"New York, NY",1,5,0,0,0,0,2,,2,2,
,,"Newark, NJ",1,0,0,0,0,0,,,,1,
,,"Norfolk, VA",3,0,0,0,0,0,1,,,2,
,,"Oklahoma City, OK",1,1,1,0,0,0,1,1,1,,
,,"Omaha, NB",2,1,0,0,0,0,,3,,,
,,"Philadelphia, PA",2,0,0,0,0,0,,1,1,,
,,"Pittsburgh, PA",1,0,0,0,0,0,,,,1,
,,"Portland, OR",1,0,0,0,0,0,,,,1,
,,"Richmond, VA",1,0,0,0,0,0,1,,,,
,,"Sacramento, CA2",2,1,1,0,0,0,,1,2,,
,,"Salt Lake City, UT2",4,1,1,0,0,0,2,,1,2,
,,"San Antonio, TX",0,1,0,0,0,0,,1,,,
,,"San Diego, CA",0,2,1,0,0,0,1,1,,1,
,,"Seattle, WA",0,0,1,0,0,0,,1,,,
,,"Springfield, IL",1,0,0,0,0,0,,,1,,
,,"St. Louis, MO",3,0,2,0,0,0,1,3,,1,
,,"Tampa, FL",1,0,0,0,0,1,,,2,,
,,"Washington, DC",1,4,1,0,0,0,1,3,2,,
,,Pentagon Force Protection Agency,0,0,1,0,0,0,1,0,0,,
,,U.S. Navy Law Enforcement,4,0,0,0,0,0,0,0,2,2,
,,United States Army,0,1,0,0,0,0,0,1,0,0,
"1 Population figures are published only for the cities. The figures listed for the universities and colleges are student enrollment and were provided by the United States Department of Education for the 2018 school year, the most recent available. The enrollment figures include full-time and part-time students.",,,,,,,,,,,,,
2 The figures shown include one incident reported with more than one bias motivation.,,,, ,,,,,,,,,
3 Student enrollment figures were not available.,,,,,,,,,,,,,
